Evobot Gen01 - Sensor Stream, Time Commenced:04-Nov-2014 12:41:14
time,current,Voltage,IR_L,IR_C,IR_R,IMU_disp_X,IMU_disp_Y,Yaw,Opt_flow_X,Opt_flow_Y,Opt_flow_YAW,Encoder_X,Encoder_Y,Motor_L,Motor_R,
50853,146.607,4.079,-1,536,532,28.8,291.3,50.7,-212.2,299.7,-31.7,-0.1,-2.4,0,0,
51017,194.977,3.986,-1,611,532,0,0,50.7,0,0,0,0,0,100,100,
51052,320.181,4.043,697,493,532,0.8,0.8,50.5,0,0.7,-2.8,0,0,100,100,
51084,276.749,4.042,-1,627,531,2.3,2.3,50.5,0,5.6,-1,-0.1,2.4,100,100,
51095,260.98,4.062,-1,625,529,2.3,2.3,50.5,0,0,0,0,0,100,100,
51125,229.527,4.035,-1,626,511,-4,10.7,50.7,0.3,6.9,-2.1,0.1,4.9,100,100,
51156,227.125,4.07,-1,496,531,7,7,50.6,0.1,6,-1.7,0.1,4.9,100,100,
51191,221.371,4.065,-1,546,533,7,7,50.5,0.3,5.7,-3.7,0.1,4.9,100,100,
51224,217.202,4.069,705,601,511,-6.5,14.5,50.5,0.4,6.8,-4.5,-0.1,4.9,100,100,
51255,228.704,4.054,698,601,511,10.3,10.3,50.4,0.2,6.2,-0.9,0.1,2.4,100,100,
51291,222.34,4.055,-1,612,517,10.1,10.1,50.5,0,6.5,-1.2,0.1,4.9,100,100,
52205,144.1,4.068,691,522,521,-12.8,14.5,50.6,0.6,11.6,-3,0.2,9.8,0,0,
53116,140.659,4.052,-1,611,532,0,0,50.6,0,0,0,0,0,0,0,
53397,194.78,3.989,636,624,530,0,0,50.6,0,0,0,0,0,100,100,
53432,324.103,3.994,-1,588,523,0.4,0.4,50.5,0,2.4,-1.1,0,0,100,100,
53463,264.801,4.028,-1,651,522,3.8,3.8,50.5,0.1,6.3,-0.9,0,0,100,100,
53495,219.854,4.027,-1,515,521,3.9,3.9,50.5,0.2,6.3,-2.7,0.1,2.4,100,100,
53526,218.475,4.057,679,613,522,4.4,4.4,50.4,0.1,6.4,-1.6,0.1,4.9,100,100,
53562,210.113,4.06,694,614,505,4.7,4.7,50.4,0.1,6.5,-2,0.1,4.9,100,100,
53594,213.286,4.064,-1,613,511,-6.4,10.5,50.4,0.1,7.1,-4.1,-0.1,4.9,100,100,
53625,214.356,4.068,-1,601,465,7.5,7.5,50.4,0.2,5.9,-4.2,0.1,2.4,100,100,
53657,209.663,4.04,-1,613,467,8,8,50.4,0.4,5.6,-5.7,0.1,4.9,100,100,
53692,212.081,4.069,683,601,407,7.9,7.9,50.3,0.2,5.5,-5.6,0.1,4.9,100,100,
53724,212.906,4.04,-1,611,408,11.5,11.5,50.4,0.2,7.9,-1.6,-0.1,4.9,100,100,
53756,220.107,4.033,-1,611,404,-16,14.5,50.4,0.1,6.6,-1.2,0.1,4.9,100,100,
53792,219.496,4.06,-1,560,389,10.9,10.9,50.3,0.1,6.5,-1.2,0.1,4.9,100,100,
53823,219.45,4.045,-1,612,360,15.5,15.5,50.3,0.2,7.2,-2.6,-0.1,2.4,100,100,
53855,219.369,4.064,695,492,370,12.9,12.9,50.2,0.1,6.5,-1.2,0.1,2.4,100,100,
53887,220.453,4.025,698,611,370,-23.6,16.6,50.2,0.1,6.4,-1.6,0.1,4.9,100,100,
53923,219.593,4.046,699,611,358,19.3,19.3,50.1,0.1,5.8,-1.9,0.1,4.9,100,100,
53954,219.529,4.06,-1,610,371,16,16,50.1,0.1,6.3,-1.1,-0.1,2.4,100,100,
53986,216.379,4.029,-1,614,385,16.5,16.5,50,0.2,6.6,-1.4,0.1,2.4,100,100,
54022,216.237,4.033,-1,627,374,16,16,50,0.1,6.7,-1.9,0.1,4.9,100,100,
54053,214.481,4.043,700,612,374,22.3,22.3,50.1,0.3,6.9,-4.3,0.1,4.9,100,100,
54085,214.203,4.048,693,613,393,18.2,18.2,50.1,0.2,6.3,-2.5,-0.1,2.4,100,100,
54117,215.356,4.065,667,614,457,18.8,18.8,50.1,0,6.7,-1.4,0.1,2.4,100,100,
54152,210.611,4.025,-1,613,583,16.8,16.8,50.1,0.2,5.4,-5,0.1,4.9,100,100,
54183,210.45,4.053,679,614,560,25,25,50.2,0.2,7.5,-2.7,0.1,4.9,100,100,
54214,213.003,4.049,-1,616,563,20.5,20.5,50.3,0.3,6.4,-2.2,0.1,2.4,100,100,
54246,211.059,4.041,698,611,517,21,21,50.3,0.1,6.4,-2.7,-0.1,4.9,100,100,
54282,217.482,4.052,-1,611,522,20.2,20.2,50.2,0.1,6.8,-1.6,0.1,4.9,100,100,
54314,216.856,4.06,-1,599,522,27.8,27.8,50.2,0.2,7.7,-1.4,-0.1,4.9,100,100,
54345,216.896,4.054,-1,535,500,22.8,22.8,50.2,0.2,6.3,-1.6,-0.1,4.9,100,100,
54377,225.071,4.04,-1,600,512,23.3,23.3,50.2,0,6.6,-1.8,0.1,4.9,100,100,
55284,146.275,4.077,691,613,513,11.9,12.3,50.1,0.2,7.5,-2.2,-0.1,4.9,0,0,
56192,146.552,4.065,-1,627,510,0,0,50.1,0,0,0,0,0,0,0,
57095,143.399,4.067,-1,612,503,0,0,50.1,0,0,0,0,0,0,0,
57996,144.265,4.061,-1,584,512,0,0,50,0,0,0,0,0,0,0,
58914,142.09,4.065,-1,611,491,0,0,50,0,0,0,0,0,0,0,
59817,145.556,4.064,-1,613,511,0,0,50,0,0,0,0,0,0,0,
60727,141.001,4.074,643,624,521,0,0,50,0,0,0,0,0,0,0,
61640,144.797,4.07,-1,625,491,0,0,49.9,0,0,0,0,0,0,0,
62557,141.591,4.075,-1,626,522,0,0,49.9,0,0,0,0,0,0,0,
63467,145.011,4.074,651,613,523,0,0,49.9,0,0,0,0,0,0,0,
63567,169.076,3.986,-1,612,513,0,0,49.9,0,0,0,0,0,60,60,
63602,246.352,4.037,-1,611,510,0.4,0.4,49.9,-0.1,1.2,0.9,0,0,60,60,
63634,229.729,4.057,-1,639,499,2.5,2.5,49.8,0,3.5,-1.5,-0.1,2.4,60,60,
63666,225.411,4.023,-1,614,511,2.6,2.6,49.8,0,3.5,-0.6,0.1,4.9,60,60,
63697,226.112,4.054,-1,538,523,3.1,3.1,49.7,0,3.4,-0.4,0,0,60,60,
63733,221.486,4.064,695,493,518,3.4,3.4,49.9,0.1,3.1,-2.1,-0.1,2.4,60,60,
63764,218.268,4.068,684,627,502,5.5,5.5,49.9,0.1,3.7,-1.8,-0.1,4.9,60,60,
63796,220.536,4.018,-1,562,498,5,5,49.9,0,3.5,-0.6,0,0,60,60,
63827,220.545,4.077,-1,623,502,5.6,5.6,50,0,3.3,-1.3,0,0,60,60,
63863,221.644,4.061,-1,625,511,5.8,5.8,50,0.1,3.4,-0.4,-0.1,4.9,60,60,
63894,220.153,4.07,-1,611,523,9,9,50,0,4.3,-0.5,0,0,60,60,
63926,215.982,4.076,660,612,521,7.8,7.8,50.1,0,3.6,-0.6,0,0,60,60,
63957,217.862,4.026,695,626,521,8.4,8.4,50.1,0,3.5,-0.6,-0.1,4.9,60,60,
63993,215.013,4.071,694,614,512,8.3,8.3,50.2,0,3.5,-1.1,-0.1,2.4,60,60,
64024,221.823,4.01,696,501,510,12,12,50.2,0,3.6,-3.1,0,0,60,60,
64056,218.312,4.063,680,611,500,10.7,10.7,50.3,0.1,2.8,-3.2,0.1,2.4,60,60,
64087,215.37,4.043,672,610,511,10.6,10.6,50.4,0,3.7,-0.9,-0.1,2.4,60,60,
64123,216.327,4.006,697,612,511,10.4,10.4,50.4,0.1,3.4,-1.9,-0.1,2.4,60,60,
64155,213.812,4.065,693,598,521,15.1,15.1,50.4,0,4.2,-0.7,0.1,2.4,60,60,
64186,216.102,4.034,695,600,516,12.7,12.7,50.5,0,3.5,-1.5,-0.1,4.9,60,60,
64218,217.048,4.07,696,626,503,13.2,13.2,50.6,0,3.6,-1.7,-0.1,2.4,60,60,
64254,215.733,4.04,696,535,501,17.3,17.3,50.7,0,3.5,0,0,0,60,60,
64285,215.012,4.035,653,612,503,14.5,14.5,50.8,-0.1,3.8,-0.2,0.1,2.4,60,60,
64317,215.899,4.053,692,625,432,14.9,14.9,50.8,0,3.6,-0.6,0,0,60,60,
64352,213.356,4.062,676,611,337,14.5,14.5,50.9,0.1,3.7,-1.1,-0.1,2.4,60,60,
64384,219.049,4.045,681,613,299,20.2,20.2,51,0,4.3,-1,0.1,4.9,60,60,
64416,218.584,4.074,635,639,323,16.7,16.7,51,0,3.6,-0.6,0.1,2.4,60,60,
64448,219.767,4.033,695,640,402,18.3,18.3,51.1,0.1,3.2,-2.8,-0.1,2.4,60,60,
64483,219.77,4.031,695,587,437,16.6,16.6,51.1,0,3.4,-0.8,0.1,4.9,60,60,
64515,220.113,4.047,697,637,504,23.4,23.4,51.1,0,4.1,-0.5,0.1,2.4,60,60,
64547,220.384,4.063,678,585,531,19.4,19.4,51.1,0,3.5,-1.1,-0.1,2.4,60,60,
65464,143.371,4.067,679,652,510,8.6,8.9,51.4,0.2,4.1,-0.7,-0.1,2.4,0,0,
66367,146.528,4.077,679,651,512,0,0,51.4,0,0,0,0,0,0,0,
67276,150.824,4.059,664,655,503,0,0,51.3,0,0,0,0,0,0,0,
68185,144.72,4.054,678,555,511,0,0,51.3,0,0,0,0,0,0,0,
69093,147.118,4.08,680,653,511,0,0,51.3,0,0,0,0,0,0,0,
70001,147.591,4.059,681,652,511,0,0,51.3,0,0,0,0,0,0,0,
70906,152.29,4.055,681,652,490,0,0,51.3,0,0,0,0,0,0,0,
71817,144.656,4.074,679,563,504,0,0,51.3,0,0,0,0,0,0,0,
72728,145.732,4.071,696,638,511,0,0,51.3,0,0,0,0,0,0,0,
73648,146.926,4.067,681,653,494,0,0,51.3,0,0,0,0,0,0,0,
73765,173.972,3.966,680,669,494,0,0,51.3,0,0,0,0,0,60,60,
73795,246.222,4.044,679,669,503,0.9,0.9,51.2,0,0.8,-0.1,0,0,60,60,
73827,242.296,4.048,661,665,503,1.9,1.9,51.1,0,3.1,-0.6,0.1,2.4,60,60,
73859,224.347,3.998,663,630,503,-6.2,8.3,51.2,0,3.4,-0.8,0.1,2.4,60,60,
73894,224.8,4.052,655,-1,472,5.2,5.2,51.2,0,3.3,-0.8,0,0,60,60,
73926,226.514,4.024,680,-1,389,8.2,8.2,51.2,0.1,4,-0.5,0.1,4.9,60,60,
73957,217.239,4.069,678,587,300,7.1,7.1,51.3,0.1,3.2,-1.7,0,0,60,60,
73989,227.717,4.021,679,640,297,7.6,7.6,51.2,0.1,3.4,-0.8,0,0,60,60,
74024,227.13,4.064,678,667,287,7.7,7.7,51.2,0,3.2,-1.2,0.1,4.9,60,60,
74056,222.127,4.064,680,638,278,11.4,11.4,51.2,0.1,4.2,-0.7,0.1,2.4,60,60,
74087,223.641,4.065,680,639,266,9.7,9.7,51.2,0,3.4,-0.8,0,0,60,60,
74119,219.265,4.066,642,652,249,10.2,10.2,51.2,0,3.5,-0.6,0.1,4.9,60,60,
74154,217.342,4.064,676,560,246,10,10,51.3,0,3.6,-0.4,0.1,4.9,60,60,
74186,223.039,4.029,680,654,254,14.2,14.2,51.4,0.1,4,-1.4,0,0,60,60,
74218,221.213,4.068,679,670,243,11.9,11.9,51.4,0,3.6,-0.9,-0.1,2.4,60,60,
74249,222.963,4.03,639,569,241,12.4,12.4,51.4,0.1,3.3,-1.3,-0.1,4.9,60,60,
74285,221.461,4.068,694,651,245,12.1,12.1,51.5,0,3.6,-0.6,0,0,60,60,
74316,218.797,3.998,-1,653,257,17.4,17.4,51.5,0,3.9,-2.3,-0.1,2.4,60,60,
74348,218.964,4.07,-1,679,258,14.5,14.5,51.6,0,3.7,-0.7,-0.1,4.9,60,60,
74379,219.111,4.023,-1,638,250,15,15,51.6,0,3.6,-1.3,0,0,60,60,
74415,220.11,4.016,671,666,319,14.6,14.6,51.8,0,3.7,-0.4,0,0,60,60,
74445,217.864,4.043,-1,667,288,19.7,19.7,51.8,0,4.2,-0.7,0.1,2.4,60,60,
74477,216.261,4.05,-1,606,287,17.2,17.2,51.9,0,3.8,-0.7,-0.1,2.4,60,60,
74508,219.751,4.034,-1,667,270,17.7,17.7,52,0,3.7,-0.9,-0.1,2.4,60,60,
74544,222.106,4.038,-1,653,260,17.1,17.1,51.9,0,3.8,-0.9,0.1,2.4,60,60,
74575,219.954,4.019,-1,666,268,23.8,23.8,52,0,4.1,-1.6,-0.1,4.9,60,60,
74607,221.686,4.054,693,668,288,19.5,19.5,52,0,3.5,-0.6,-0.1,2.4,60,60,
74639,223.741,4.071,703,668,388,19.9,19.9,52,0,3.6,-0.6,0,0,60,60,
74674,223.059,4.061,641,655,389,19.2,19.2,52.1,0,3.6,-0.4,0.1,2.4,60,60,
74706,224.995,4.027,695,665,588,26.6,26.6,52.1,0.1,4.1,-1,-0.1,2.4,60,60,
74737,223.281,4.069,699,652,562,21.9,21.9,52.1,0,3.4,-0.8,0,0,60,60,
75649,151.343,4.066,-1,653,510,19.7,22,52.3,0,5.4,-1,0.1,2.4,0,0,
76567,152.433,4.029,696,653,531,0,0,52.3,0,0,0,0,0,0,0,
77479,146.097,4.06,-1,652,523,0,0,52.3,0,0,0,0,0,0,0,
78379,150.139,4.07,694,593,523,0,0,52.2,0,0,0,0,0,0,0,
79284,151.451,4.063,698,652,510,0,0,52.2,0,0,0,0,0,0,0,
80188,147.588,4.069,-1,594,523,0,0,52.2,0,0,0,0,0,0,0,
81097,150.118,4.066,-1,665,513,0,0,52.2,0,0,0,0,0,0,0,
81998,148.976,4.068,-1,652,541,0,0,52.1,0,0,0,0,0,0,0,
82898,149.387,4.068,651,652,522,0,0,52.1,0,0,0,0,0,0,0,
83809,150.064,4.026,-1,653,511,0,0,52.1,0,0,0,0,0,0,0,
83941,177.314,4.012,-1,655,541,0,0,52.1,0,0,0,0,0,32,88,
83976,252.017,4.039,-1,651,543,0.3,0.3,52,-0.1,1.2,0,-0.1,2.4,32,88,
84007,233.927,4.046,669,527,530,2.6,2.6,53.1,-0.8,3.3,1,-0.1,2.4,32,88,
84039,222.935,4.041,-1,625,530,2.8,2.8,54.4,0.1,3.4,0.3,-0.1,2.4,32,88,
84070,224.901,4.063,693,626,530,3.2,3.2,55.3,0,3.4,-0.2,0,0,32,88,
84105,226.289,4.067,696,639,531,3.4,3.4,56.2,-0.2,3.2,0.1,0.1,4.9,32,88,
84137,230.676,4.037,694,640,521,5.6,5.6,57.7,-0.1,3.8,0.9,0,0,32,88,
84168,227.182,4.075,648,639,532,5,5,59,0,3.3,0.3,0,0,32,88,
84200,226.536,4.049,694,639,541,5.5,5.5,60.1,-0.2,3.3,0.1,0.1,2.4,32,88,
84267,225.304,4.055,-1,625,561,8.6,8.6,62.5,0,3.8,0.4,-0.1,4.9,32,88,
84298,229.418,4.004,-1,623,560,7.4,7.4,63.6,-0.2,3.4,0.3,-0.1,2.4,32,88,
84330,226.511,4.011,-1,473,565,7.9,7.9,64.7,-0.3,3.4,0.3,-0.1,2.4,32,88,
84365,225.916,4.034,-1,626,568,7.8,7.8,65.8,-0.2,3.3,-0.1,-0.1,2.4,32,88,
84397,221.24,4.048,-1,637,583,11.5,11.5,67.2,-0.3,3.9,0.2,-0.1,2.4,32,88,
84429,218.187,4.053,-1,638,605,9.8,9.8,68.4,-0.2,3.4,0.5,0.1,2.4,32,88,
84460,228.933,4.035,646,626,606,10.3,10.3,69.6,-0.4,3.4,0.9,0,0,32,88,
84496,222.544,4.034,-1,625,606,10,10,71.2,-0.3,3.6,0.7,0,0,32,88,
84527,223.895,4.035,-1,522,617,14.5,14.5,72.3,-0.4,3.9,0.4,0,0,32,88,
84559,221.122,4.039,640,612,632,12.1,12.1,73.5,-0.3,3.4,0.1,0,0,32,88,
84590,216.971,4.038,608,615,645,12.5,12.5,74.6,0,3.5,0.3,-0.1,4.9,32,88,
84626,225.471,4.043,608,624,659,12.1,12.1,76.2,-0.3,3.4,0.5,-0.1,2.4,32,88,
84657,229.829,4.068,371,638,659,17.4,17.4,77.3,-0.1,4.1,0.6,0,0,32,88,
84689,226.885,4.022,361,640,659,14.4,14.4,78.3,-0.1,3.5,0.3,-0.1,2.4,32,88,
84720,222.76,4.044,340,653,690,14.9,14.9,79.3,-0.2,3.3,0.5,-0.1,2.4,32,88,
84756,226.061,4.015,333,652,703,14.4,14.4,80.8,0,3.3,0.5,0.1,4.9,32,88,
84787,228.318,4.027,320,625,688,20.2,20.2,81.9,-0.2,4,0.4,-0.1,2.4,32,88,
84819,234.743,4.033,320,476,693,16.7,16.7,82.8,0,3.4,-0.2,0.1,4.9,32,88,
84851,232.671,4.044,313,600,685,17.3,17.3,83.7,-0.1,3.5,0.3,0,0,32,88,
84886,231.035,4.062,291,527,-1,16.7,16.7,84.7,-0.1,3.2,0.1,0.1,2.4,32,88,
84917,232.778,4.056,280,612,-1,23,23,85.6,-0.1,3.7,0.5,-0.1,2.4,32,88,
85830,154.263,4.072,289,613,-1,10.6,11.8,87.3,0,4.1,0.2,-0.1,2.4,0,0,
86740,148.49,4.08,292,600,-1,0,0,87.2,0,0,0,0,0,0,0,
87649,157.155,4.067,292,587,-1,0,0,87.2,0,0,0,0,0,0,0,
88558,152.209,4.073,288,523,-1,0,0,87.2,0,0,0,0,0,0,0,
89474,154.63,4.069,293,624,-1,0,0,87.1,0,0,0,0,0,0,0,
90390,156.42,4.061,296,612,-1,0,0,87.1,0,0,0,0,0,0,0,
91308,154.049,4.06,295,626,-1,0,0,87.1,0,0,0,0,0,0,0,
93128,152.828,4.06,295,613,686,0,0,87,0,0,0,0,0,0,0,
94035,153.809,4.05,290,600,-1,0,0,87,0,0,0,0,0,0,0,
94129,183.555,4.022,290,613,-1,0,0,87,0,0,0,0.1,2.4,56,64,
94159,255.648,4.02,292,544,-1,0.3,0.3,87,0,1.1,-0.4,0,0,56,64,
94191,242.54,4.021,303,585,-1,1.4,1.4,87.2,0,2.9,-0.5,-0.1,2.4,56,64,
94226,227.851,4.069,301,600,-1,1.9,1.9,87.2,0.2,3.6,-0.2,-0.1,2.4,56,64,
94258,225.663,4.035,299,598,-1,3.3,3.3,87.3,0.2,4.2,-1.2,0.1,2.4,56,64,
94289,229.534,4.069,302,527,-1,3.3,3.3,87.4,0.2,3.6,-0.9,0,0,56,64,
94321,227.622,3.986,298,601,-1,3.8,3.8,87.4,0.3,3.7,-0.7,-0.1,2.4,56,64,
94356,224.818,4.058,307,614,-1,4,4,87.5,0.2,3.5,-0.6,0.1,4.9,56,64,
94388,223.363,4.059,313,586,-1,6.5,6.5,87.7,0.2,4.1,-1,0,0,56,64,
94419,224.728,4.034,314,587,706,5.8,5.8,87.8,0.1,3.4,-0.8,-0.1,2.4,56,64,
94451,227.656,4.065,315,601,-1,6.3,6.3,87.9,0.1,3.6,-0.9,0.1,4.9,56,64,
94486,230.081,4.058,318,470,-1,6.4,6.4,88,0.2,3.4,-0.8,0,0,56,64,
94517,224.245,4.053,313,589,-1,9.7,9.7,88.1,0.3,4.2,-0.7,-0.1,2.4,56,64,
94549,221.103,4.056,313,550,-1,8.3,8.3,88.1,0.1,3.6,-0.9,-0.1,4.9,56,64,
94580,223.497,4.048,313,589,-1,8.8,8.8,88.2,0.2,3.6,-0.9,0,0,56,64,
94616,223.801,4.029,310,588,-1,8.7,8.7,88.4,0.2,3.6,-0.9,0,0,56,64,
94648,228.204,4.029,308,467,-1,9.5,9.5,88.5,0.2,4.5,-1,0.1,2.4,56,64,
94679,227.1,4.057,313,582,-1,13.7,13.7,88.5,0.2,4.2,-0.7,-0.1,4.9,56,64,
94710,223.713,4.072,314,577,-1,11.5,11.5,88.7,0.1,3.5,-0.6,-0.1,2.4,56,64,
94742,226.475,4.054,308,575,-1,12,12,88.7,0.2,3.6,-1.1,0.1,2.4,56,64,
94777,230.124,4.006,308,578,-1,15.8,15.8,88.8,0.1,3.2,-0.8,-0.1,4.9,56,64,
94809,236.355,4.048,311,576,-1,13.4,13.4,88.9,0.1,3,-2.1,-0.1,2.4,56,64,
94841,231.809,4.033,294,537,-1,13.9,13.9,89,0.2,3.2,-1.2,0.1,2.4,56,64,
94876,227.322,4.054,283,567,-1,13.5,13.5,89.1,0.2,3.4,0.1,-0.1,4.9,56,64,
94908,223.885,4.048,299,577,-1,19.1,19.1,89.3,0.1,4.1,-0.1,-0.1,2.4,56,64,
94939,228.591,4.061,296,466,-1,15.8,15.8,89.5,0.1,3.5,0,0.1,2.4,56,64,
94971,234.574,4.026,296,556,-1,16.3,16.3,89.6,0.1,3.5,0,0,0,56,64,
95006,233.039,4.041,290,556,-1,15.7,15.7,89.7,0.1,3.4,-0.4,-0.1,2.4,56,64,
95038,228.744,4.014,290,495,-1,22,22,89.9,0.2,4.3,-0.5,0.1,4.9,56,64,
95069,223.029,4.067,290,544,-1,18.1,18.1,90,0.1,3.7,-0.4,0,0,56,64,
95101,229.469,4.008,290,543,-1,18.5,18.5,90.1,0.1,3.5,-0.6,0,0,56,64,
96021,157.661,4.07,298,536,-1,15.4,15.3,90.4,0.3,5.9,-1.3,0.1,2.4,0,0,
96921,152.314,4.074,290,545,-1,0,0,90.4,0,0,0,0,0,0,0,
97831,158.564,4.071,299,510,-1,0,0,90.3,0,0,0,0,0,0,0,
98746,154.242,4.068,299,536,-1,0,0,90.3,0,0,0,0,0,0,0,
99658,154.55,4.055,298,535,-1,0,0,90.3,0,0,0,0,0,0,0,
100569,154.211,4.06,298,536,-1,0,0,90.2,0,0,0,0,0,0,0,
101471,155.015,4.061,298,504,-1,0,0,90.2,0,0,0,0,0,0,0,
102379,153.974,4.061,298,545,-1,0,0,90.2,0,0,0,0,0,0,0,
103280,150.347,4.063,298,544,-1,0,0,90.1,0,0,0,0,0,0,0,
104181,159.215,4.063,298,546,-1,0,0,90.1,0,0,0,0,0,0,0,
104374,185.772,3.985,297,455,-1,0,0,90.1,0,0,0,0,0,64,56,
104409,248.362,4.01,298,546,-1,0.2,0.2,90.1,0.1,0.6,-0.8,0,0,64,56,
104439,242.306,4.077,292,544,-1,2.3,2.3,89.9,0,3.4,-1.5,-0.1,4.9,64,56,
104471,235.88,4.04,299,545,-1,2.9,2.9,89.6,0.1,3.5,-0.6,0.1,2.4,64,56,
104503,227.958,4.067,298,546,-1,-7.4,9.4,89.5,0.2,3.7,-1.3,0,0,64,56,
104538,233.106,4.058,301,536,-1,5.8,5.8,89.3,0.1,3.3,-1,-0.1,2.4,64,56,
104570,230.324,4.01,301,488,-1,8.8,8.8,89.2,0.1,4.1,-0.7,0.1,2.4,64,56,
104601,225.36,4.053,305,544,-1,7.6,7.6,89.1,0.3,3.6,-1.1,0,0,64,56,
104633,229.369,3.984,308,537,-1,8.5,8.5,89,0.1,3.7,-0.9,-0.1,2.4,64,56,
104668,231.262,4.068,310,485,-1,8.1,8.1,88.9,0.2,3.4,-1.3,0.1,4.9,64,56,
104700,229.266,4.029,310,535,-1,12,12,88.8,0.3,4.3,-1,0.1,2.4,64,56,
104731,224.294,4.046,314,537,-1,10.1,10.1,88.7,0.2,3.7,-0.9,0,0,64,56,
104763,226.293,4.005,313,535,-1,10.6,10.6,88.6,0.2,3.4,-0.8,-0.1,2.4,64,56,
104798,228.747,4.065,320,525,-1,10.4,10.4,88.5,0.3,3.7,-0.7,0.1,2.4,64,56,
104829,227.857,4.064,320,526,-1,13.9,13.9,88.4,0.3,4,-0.9,0,0,64,56,
104860,230.585,4.003,320,537,-1,12.3,12.3,88.4,0.2,3.6,-0.9,-0.1,2.4,64,56,
104892,225.951,4.061,320,442,-1,12.8,12.8,88.3,0.1,3.7,-0.7,0.1,2.4,64,56,
104927,225.159,4.048,316,517,705,12.4,12.4,88.3,0.2,3.6,-0.9,0.1,2.4,64,56,
104959,230.783,4.058,323,517,686,17.6,17.6,88.3,0.2,4.4,-0.8,-0.1,2.4,64,56,
104991,231.646,4.063,313,527,616,14.6,14.6,88.3,0.1,3.7,-0.9,-0.1,2.4,64,56,
105023,232.681,4.046,314,488,581,15.1,15.1,88.2,0.1,3.6,-0.4,0,0,64,56,
105058,231.758,4.008,323,518,574,14.6,14.6,88.2,0.3,3.4,-0.8,-0.1,2.4,64,56,
105090,227.362,4.07,326,508,584,20.5,20.5,88,0.1,4.1,-1.4,-0.1,2.4,64,56,
105122,235.612,4.02,320,508,584,16.9,16.9,87.9,0.2,3.6,-0.4,0.1,2.4,64,56,
105153,232.864,4.049,330,518,569,17.4,17.4,87.9,0.1,3.6,-0.9,-0.1,2.4,64,56,
105189,230.591,4.05,326,509,581,22.5,22.5,87.9,0.3,3.3,-0.8,-0.1,2.4,64,56,
105221,232.849,4.049,325,508,632,18.6,18.6,87.9,0.2,3.6,-0.9,0.1,2.4,64,56,
105252,226.398,4.056,336,508,624,19,19,87.8,0.1,3.4,-0.4,-0.1,4.9,64,56,
105288,228.114,4.041,337,499,689,18.3,18.3,87.7,0.1,3.6,-0.6,-0.1,2.4,64,56,
105320,235.734,4.052,334,497,690,25.3,25.3,87.6,0.3,4.2,-1.2,0,0,64,56,
105351,231.66,4.024,330,509,681,20.7,20.7,87.5,0.1,3.4,-0.8,0.1,2.4,64,56,
106261,150.27,4.065,329,491,-1,10.5,11.7,87.7,0.4,4.5,-0.6,-0.1,4.9,0,0,
107163,161.599,4.049,307,498,-1,0,0,87.7,0,0,0,0,0,0,0,
108081,155.626,4.047,680,498,-1,0,0,87.7,0,0,0,0,0,0,0,
108983,159.048,4.062,701,498,-1,0,0,87.6,0,0,0,0,0,0,0,
109893,157.196,4.058,680,499,-1,0,0,87.6,0,0,0,0,0,0,0,
110803,154.545,4.068,698,491,-1,0,0,87.6,0,0,0,0,0,0,0,
111723,155.706,4.048,696,498,-1,0,0,87.5,0,0,0,0,0,0,0,
112643,157.48,4.057,695,498,-1,0,0,87.5,0,0,0,0,0,0,0,
113554,156.944,4.043,679,489,-1,0,0,87.4,0,0,0,0,0,0,0,
114473,152.326,4.063,680,492,-1,0,0,87.5,0,0,0,0,0,0,0,
114585,178.122,3.984,679,499,-1,0,0,87.5,0,0,0,0,0,61,59,
114620,262.009,4.058,678,496,-1,0.3,0.3,87.3,0,1.1,-1.1,0,0,61,59,
114651,246.671,3.999,660,439,-1,2.6,2.6,87.3,0.1,3.5,-0.6,-0.1,2.4,61,59,
114683,232.061,4.065,682,482,-1,2.7,2.7,87.3,0.1,3.6,-0.9,0,0,61,59,
114750,222.485,4.054,678,490,-1,8.3,8.3,87.2,0.1,3.2,-0.8,-0.1,4.9,61,59,
114782,232.453,4.064,635,491,-1,7.2,7.2,87.2,0.1,3.6,-0.4,-0.1,2.4,61,59,
114813,236.44,4.044,638,491,-1,7.7,7.7,87.2,0.2,3.6,-0.9,0.1,2.4,61,59,
114848,230.95,4.024,643,403,-1,7.7,7.7,87.2,0.3,3.8,-0.9,-0.1,4.9,61,59,
114880,230.365,4.027,698,483,-1,11.3,11.3,87.2,0.1,4.3,-1,-0.1,2.4,61,59,
114912,223.655,4.062,660,469,-1,9.5,9.5,87.2,0.2,3.7,-0.9,0,0,61,59,
114944,230.862,4.06,649,467,-1,10,10,87.2,0.2,3.7,-0.9,-0.1,4.9,61,59,
114979,233.899,4.076,649,476,-1,9.9,9.9,87.2,0.3,3.5,-1.1,-0.1,2.4,61,59,
115011,234.388,4.058,623,468,-1,14.1,14.1,87.1,0.2,4.3,-1,0,0,61,59,
115042,230.977,4.043,606,469,-1,11.7,11.7,87.2,0.3,3.6,-0.6,0.1,2.4,61,59,
115074,224.612,4.064,647,460,-1,12.2,12.2,87.2,0.2,3.8,-0.9,-0.1,2.4,61,59,
115110,227.683,4.066,651,454,-1,11.8,11.8,87.2,0.3,3.3,-2.4,-0.1,2.4,61,59,
115141,233.695,4.067,664,455,-1,16.9,16.9,87.2,0.3,4.4,-1,0.1,2.4,61,59,
115205,232.444,4.035,609,388,-1,14.5,14.5,87.2,0.3,3.6,-0.9,-0.1,2.4,61,59,
115240,229.987,4.055,541,456,-1,18.9,18.9,87.2,0.2,3.4,-0.2,-0.1,2.4,61,59,
115272,228.243,4.043,459,447,-1,16.6,16.6,87.2,0.3,3.6,-0.9,0.1,2.4,61,59,
115303,234.257,4.067,409,444,-1,16.1,16.1,87.2,0.3,3.6,-0.6,-0.1,2.4,61,59,
115339,234.86,4.054,373,366,-1,15.6,15.6,87.2,0.3,3.8,-0.9,-0.1,2.4,61,59,
115371,233.505,4.05,376,429,-1,21.7,21.7,87.2,0.3,4.3,-0.8,0.1,2.4,61,59,
115403,231.05,4.04,361,441,-1,17.9,17.9,87.2,0.2,3.5,-0.6,-0.1,4.9,61,59,
115434,232.708,4.027,334,429,-1,18.5,18.5,87.1,0.1,3.6,-0.9,-0.1,2.4,61,59,
115470,232.821,4.054,310,428,-1,17.7,17.7,87.1,0.3,3.7,-0.9,0.1,2.4,61,59,
115501,234.607,4.035,306,372,-1,24.5,24.5,87.1,0.3,4.1,-1,0.1,2.4,61,59,
115533,238.422,4.021,308,422,-1,20.2,20.2,87.1,0.2,3.5,-0.6,-0.1,2.4,61,59,
115569,234.924,4.01,317,422,-1,20.7,20.7,87.2,0.3,3.6,-0.9,0.1,2.4,61,59,
116472,162.183,4.066,322,389,-1,8,10.1,87.4,0.3,5.4,-0.5,0.1,2.4,0,0,
117392,162.747,4.061,324,400,-1,0,0,87.4,0,0,0,0,0,0,0,
118303,157.191,4.067,665,363,-1,0,0,87.5,0,0,0,0,0,0,0,
119214,159.688,4.067,663,406,-1,0,0,87.4,0,0,0,0,0,0,0,
120124,156.125,4.069,664,400,-1,0,0,87.4,0,0,0,0,0,0,0,
121034,159.236,4.047,664,394,-1,0,0,87.4,0,0,0,0,0,0,0,
121953,156.47,4.072,662,406,-1,0,0,87.4,0,0,0,0,0,0,0,
122854,163.471,4.066,664,406,-1,0,0,87.4,0,0,0,0,0,0,0,
123774,160.254,4.069,651,411,-1,0,0,87.4,0,0,0,0,0,0,0,
124685,163.266,4.049,643,405,-1,0,0,87.4,0,0,0,0,0,0,0,
124756,190.605,3.964,680,406,-1,0,0,87.4,0,0,0,0,0,60,60,
124791,260.329,4.05,680,406,-1,0.3,0.3,87.4,0,0.7,-1.7,-0.1,2.4,60,60,
124822,248.175,4.03,664,405,-1,2.8,2.8,87.3,0.1,3.4,-0.6,0.1,2.4,60,60,
124853,232.741,4.065,665,390,-1,2.9,2.9,87.3,0.3,3.5,-0.6,-0.1,2.4,60,60,
124885,239.14,4.031,654,389,-1,3.3,3.3,87.4,0.1,3.4,-0.8,0.1,4.9,60,60,
124920,240.546,4.064,611,400,-1,3.6,3.6,87.4,0.1,3.4,-0.4,0.1,2.4,60,60,
124952,234.482,4.058,636,395,-1,5.8,5.8,87.4,0.3,4.2,-0.7,-0.1,2.4,60,60,
124983,232.033,4.068,644,352,-1,5.2,5.2,87.4,0.1,3.4,-0.8,0.1,4.9,60,60,
125015,232.058,4.03,649,385,-1,5.7,5.7,87.4,0.2,3.5,-0.6,0.1,2.4,60,60,
125050,232.074,4.051,637,381,-1,5.8,5.8,87.5,0.1,3.6,-0.9,-0.1,2.4,60,60,
125082,238.426,4.061,649,354,-1,8.8,8.8,87.4,0.1,4.2,-1.2,0.1,4.9,60,60,
125113,235.958,4.059,665,371,-1,7.5,7.5,87.4,0.1,3.5,-0.6,0,0,60,60,
125145,229.424,4.065,682,372,-1,7.9,7.9,87.4,0.3,3.6,-0.9,0,0,60,60,
125180,228.453,4.048,635,343,-1,7.8,7.8,87.4,0.1,3.6,-0.9,-0.1,2.4,60,60,
125212,233.49,4.05,637,362,-1,11.4,11.4,87.5,0.1,4.1,-0.5,0.1,2.4,60,60,
125243,238.241,4.038,611,362,-1,9.6,9.6,87.6,0.2,3.6,-0.6,0,0,60,60,
125275,234.28,4.067,681,319,-1,10.1,10.1,87.6,0.1,3.6,-0.9,0,0,60,60,
125310,233.844,4.004,663,349,-1,9.9,9.9,87.6,0.2,3.5,-0.2,0.1,4.9,60,60,
125342,228.437,4.077,636,350,-1,14.3,14.3,87.7,0.2,4,-1.4,0,0,60,60,
125374,232.745,4.022,634,339,-1,12,12,87.7,0.1,3.5,-0.6,0,0,60,60,
125405,237.666,4.064,609,339,-1,12.6,12.6,87.8,0.2,3.6,-0.4,0.1,4.9,60,60,
125441,237.803,4.017,575,335,-1,12.2,12.2,87.9,0.2,3.6,-0.9,-0.1,4.9,60,60,
125472,237.226,4.05,532,332,-1,17.2,17.2,88,0.2,4.1,-1,0,0,60,60,
125504,233.499,4.06,459,327,-1,15.2,15.2,88,0.1,3.6,-0.6,0.1,4.9,60,60,
125536,232.687,4.034,399,286,-1,14.7,14.7,88.1,0.1,3.5,-0.6,-0.1,4.9,60,60,
125571,237.822,4.062,400,315,-1,14.3,14.3,88.1,0.1,3.4,-0.4,0,0,60,60,
125603,241.027,4.001,375,314,-1,20.1,20.1,88.1,0.1,4.3,-0.8,-0.1,4.9,60,60,
125634,238.425,4.034,350,312,-1,16.6,16.6,88.2,0.1,3.6,-0.9,-0.1,4.9,60,60,
125666,233.004,3.992,345,309,622,17.1,17.1,88.2,0.1,3.7,-0.7,0,0,60,60,
125701,231.772,4.048,323,305,531,15.4,15.4,88.3,0.1,3.3,-0.8,0.1,2.4,60,60,
125732,238.064,4.027,323,302,533,23,23,88.3,0.1,4.1,-1,-0.1,4.9,60,60,
126653,162.414,4.061,317,297,438,10.6,12.8,88.6,0.4,5.1,-0.7,-0.1,2.4,0,0,
127565,159.373,4.035,314,294,444,0,0,88.6,0,0,0,0,0,0,0,
128466,163.03,4.067,666,294,438,0,0,88.6,0,0,0,0,0,0,0,
129376,163.44,4.07,665,296,444,0,0,88.6,0,0,0,0,0,0,0,
130293,161.899,4.063,664,297,438,0,0,88.6,0,0,0,0,0,0,0,
131205,157.948,4.048,634,294,438,0,0,88.5,0,0,0,0,0,0,0,
132125,161.107,4.056,664,297,438,0,0,88.5,0,0,0,0,0,0,0,
133040,164.901,4.055,667,289,437,0,0,88.5,0,0,0,0,0,0,0,
133956,159.102,4.058,664,289,444,0,0,88.5,0,0,0,0,0,0,0,
134856,162.303,4.06,666,297,444,0,0,88.5,0,0,0,0,0,0,0,
134975,212.953,3.952,663,295,444,0,0,88.5,0,0,0,0,0,-100,100,
135007,334.99,4.044,663,294,443,0.1,0.1,88.4,-0.1,-0.3,1.2,0,0,-100,100,
135042,290.406,4.018,650,283,413,0,2.4,91,-0.3,-0.7,5,0,0,-100,100,
135074,282.039,4.007,663,264,413,2.3,2.3,97,-0.8,-0.9,5.7,0,0,-100,100,
135105,281.264,4.015,634,267,389,2.3,2.3,101.7,-0.7,-0.6,5.2,0.1,-2.4,-100,100,
135137,280.255,4.059,680,254,365,2.8,2.8,106.4,-1,-0.5,4.7,0.1,-2.4,-100,100,
135173,280.125,4.046,693,266,357,4.3,4.3,112.7,-1.4,-0.5,4.5,0.1,-2.4,-100,100,
135205,282.984,4.018,694,508,354,4,4,117.4,-0.7,-0.6,5.2,-0.1,0,-100,100,
135237,280.622,4.048,665,589,353,4.4,4.4,122.1,-0.9,-0.6,5,0,0,-100,100,
135272,282.188,4.026,697,590,353,4.6,4.6,126.9,-0.3,-0.8,5,0.1,0,-100,100,
135304,281.69,4.013,-1,589,353,7,7,133.1,-0.7,-0.9,5.9,-0.1,0,-100,100,
135336,282.029,4.068,-1,312,362,6.6,6.6,137.8,-0.4,-0.7,4.8,-0.1,0,-100,100,
135371,277.864,4.022,-1,338,408,6.3,6.3,142.4,-0.6,-0.7,5,-0.1,2.4,-100,100,
135403,278.484,4.029,-1,354,353,9.4,9.4,148.6,0,-0.8,5.7,-0.1,0,-100,100,
135435,281.224,4.014,687,587,350,8,8,153.3,-0.3,-0.9,5,0.1,0,-100,100,
135466,286.924,4.06,353,589,307,8.5,8.5,157.8,-0.2,-0.9,5,0.1,0,-100,100,
135502,288.117,3.984,315,625,269,8.5,8.5,164,-0.1,-0.5,5,-0.1,0,-100,100,
135534,291.335,4.005,444,613,252,12.3,12.3,168.5,-0.4,-0.8,5.9,-0.1,0,-100,100,
136436,162.08,4.061,678,625,245,0,0,175.5,-0.9,-0.2,3.6,0.1,-2.4,0,0,
137354,164.306,4.062,575,612,243,0,0,175.5,0,0,0,0,0,0,0,
138257,164.442,4.057,-1,639,242,0,0,175.4,0,0,0,0,0,0,0,
139177,161.001,4.053,-1,613,248,0,0,175.4,0,0,0,0,0,0,0,
140095,159.789,4.055,-1,625,244,0,0,175.4,0,0,0,0,0,0,0,
141015,166.889,4.055,592,613,242,0,0,175.4,0,0,0,0,0,0,0,
141928,165.341,4.045,680,625,245,0,0,175.3,0,0,0,0,0,0,0,
142845,161.459,4.049,652,626,245,0,0,175.3,0,0,0,0,0,0,0,
143755,164.692,4.063,-1,626,264,0,0,175.3,0,0,0,0,0,0,0,
144656,160.084,4.067,-1,549,246,0,0,175.3,0,0,0,0,0,0,0,
145558,163.886,4.057,-1,626,241,0,0,175.2,0,0,0,0,0,0,0,
145658,212.56,3.977,-1,638,243,0,0,175.2,0,0,0,0,0,100,100,
145693,340.272,4.011,648,625,241,0.4,0.4,175.2,-0.1,0.3,-1.2,-0.1,2.4,100,100,
145725,292.265,4.033,-1,627,242,3.8,3.8,175.4,0.2,5.9,-1.1,-0.1,4.9,100,100,
145757,242.903,4.058,-1,629,241,4,4,175.3,0,5.9,-1.7,0.1,4.9,100,100,
145793,240.838,4.054,678,615,244,7.6,17.3,175,0,6.2,-2,0.1,4.9,100,100,
145825,237.898,4.054,-1,614,242,11.6,11.6,174.9,0,7.2,-1.7,0.1,4.9,100,100,
145857,229.565,4.032,-1,568,241,9.7,9.7,174.8,0.1,6.2,-1.8,0.1,4.9,100,100,
145889,232.791,4.023,-1,600,241,15.1,16.4,174.8,0,6.2,-1.5,0,0,100,100,
145924,230.069,4.043,-1,628,241,11.7,11.7,174.7,0,6.2,-1.8,0.1,4.9,100,100,
145955,229.612,4.028,-1,614,246,15.6,15.6,174.7,0.1,7.1,-1.7,0.1,4.9,100,100,
145987,234.908,4.034,-1,600,244,19.9,19.8,174.6,-0.1,6.2,-1.1,0.1,4.9,100,100,
146018,232.173,4.037,-1,565,252,15.8,15.8,174.6,0.1,6.2,-1.3,-0.1,4.9,100,100,
146054,229.084,4.046,688,589,254,15.3,15.3,174.6,0,6.2,-1.3,0.1,4.9,100,100,
146085,232.04,4.047,696,462,495,27.9,24.9,174.5,0,7.1,-1.7,0.1,4.9,100,100,
146117,232.633,4.023,697,613,-1,19.3,19.3,174.6,-0.1,6.4,-1.4,-0.1,2.4,100,100,
146149,235.229,4.055,445,600,-1,31.1,26.8,174.6,0,6.2,-1.5,0.1,2.4,100,100,
146184,235.916,4.041,375,494,-1,19.2,19.2,174.7,0,5.7,-1.5,0.1,4.9,100,100,
146215,232.119,4.018,365,613,-1,28.4,28.4,174.7,-0.1,7.3,-1.5,0.1,4.9,100,100,
146247,235.446,4.052,375,523,-1,23.1,23.1,174.6,-0.1,6.2,-1.8,-0.1,2.4,100,100,
146277,233.76,4.022,375,602,-1,35.8,28.7,174.6,-0.1,6,-1.7,0.1,2.4,100,100,
146313,233.499,4.056,426,602,-1,23.9,23.9,174.6,-0.1,6.3,-1.6,0.1,4.9,100,100,
146345,236.038,4.041,438,613,-1,33.1,33.1,174.5,-0.1,7.3,-1.7,0.1,4.9,100,100,
146377,231.283,4.031,318,600,-1,26.8,26.8,174.5,-0.1,6.3,-1.6,-0.1,2.4,100,100,
146409,229.823,4.021,293,602,-1,27.3,27.3,174.5,-0.1,6.4,-1.8,0.1,2.4,100,100,
146444,228.686,4.037,336,602,-1,24.3,24.3,174.4,-0.1,5.9,-1.7,0.1,4.9,100,100,
146475,230.77,4.048,336,517,-1,37,37,174.4,-0.1,7.5,-1.3,0.1,4.9,100,100,
146507,232.365,4.009,421,600,-1,30,30,174.4,-0.2,6.4,-1.4,0,0,100,100,
146539,228.614,4.026,415,587,-1,30.5,30.5,174.5,0,6.4,-1.4,0.1,4.9,100,100,
146574,227.395,4.038,421,589,-1,29,29,174.5,-0.1,6.3,-0.9,0.1,4.9,100,100,
146605,228.072,4.033,393,483,690,37.6,37.6,174.5,-0.1,7.1,-1.9,-0.1,4.9,100,100,
146637,231.353,4.033,376,588,-1,32.1,32.1,174.6,0,6.3,-1.6,-0.1,2.4,100,100,
147556,160.272,4.057,379,517,-1,14.2,13.7,174.7,-0.1,8.2,-2.1,-0.1,4.9,0,0,
148476,157.808,4.059,505,577,-1,0,0,174.7,0,0,0,0,0,0,0,
149387,158.856,4.054,575,577,-1,0,0,174.7,0,0,0,0,0,0,0,
150298,164.612,4.069,575,445,-1,0,0,174.7,0,0,0,0,0,0,0,
151217,159.3,4.052,573,589,-1,0,0,174.6,0,0,0,0,0,0,0,
152118,163.467,4.042,576,589,-1,0,0,174.6,0,0,0,0,0,0,0,
153038,162.361,4.062,575,577,-1,0,0,174.6,0,0,0,0,0,0,0,
153940,158.965,4.057,555,590,-1,0,0,174.5,0,0,0,0,0,0,0,
154858,161.296,4.062,539,589,-1,0,0,174.5,0,0,0,0,0,0,0,
155770,158.297,4.062,559,587,-1,0,0,174.5,0,0,0,0,0,0,0,
155868,191.004,4.013,571,601,-1,0,0,174.5,0,0,0,0,0,101,19,
155899,265.904,4.078,574,600,-1,0.4,0.4,174.4,0.1,0.7,-2.8,0,0,101,19,
155930,247.18,4.033,541,567,-1,1.6,1.6,173,0.6,2.5,-3.6,0,0,101,19,
155965,234.163,4.033,575,476,-1,2.1,2.1,171.3,0,3.8,-3.1,-0.1,4.9,101,19,
155997,230.912,4.023,522,565,-1,3.6,3.6,168.8,0.1,4.2,-3.2,0.1,2.4,101,19,
156029,230.776,4.037,521,556,-1,3.4,3.4,166.8,-0.1,3.7,-3.1,0.1,2.4,101,19,
156061,233.103,4.023,311,557,-1,3.8,3.8,164.7,0.1,3.5,-2.6,0.1,2.4,101,19,
156096,227.271,4.053,698,537,-1,4,4,162,-0.2,3.3,-3.7,0.1,2.4,101,19,
156126,229.571,4.057,598,517,-1,6,6,160,0.2,3.7,-4.2,0.1,4.9,101,19,
156158,226.527,4.058,609,527,-1,5.6,5.6,157.9,0.1,3.8,-3.1,0,0,101,19,
156189,228.886,4.053,609,517,-1,6,6,155.9,0.1,3.6,-3.3,0,0,101,19,
156225,229.892,4.037,586,517,-1,6.1,6.1,153.1,0,3.8,-2.9,0.1,2.4,101,19,
156257,228.327,4.035,663,517,-1,9.1,9.1,151,0,4.2,-3.6,-0.1,4.9,101,19,
156288,231.383,4.056,-1,478,-1,7.8,7.8,148.8,0,3.4,-3.3,0.1,2.4,101,19,
156320,227.836,4.059,-1,462,-1,8.3,8.3,146.7,0,3.6,-2.9,0.1,2.4,101,19,
156355,227.808,4.047,-1,497,-1,8.2,8.2,144.6,0,3.5,-2.8,0.1,2.4,101,19,
156387,234.327,4.017,-1,416,-1,11.9,11.9,141.8,0.1,4,-3.2,0.1,2.4,101,19,
156418,239.778,4.026,694,509,-1,10,10,140,0.9,3,-1.9,-0.1,2.4,101,19,
156450,252.832,4.031,704,578,-1,10.4,10.4,138.7,0.9,2.7,-2,0,0,101,19,
156486,271.405,4.027,-1,524,-1,10.1,10.1,136.9,1.2,2.3,-2,0,0,101,19,
156516,271.259,4.03,680,669,-1,13.9,13.9,135.6,0.9,2.7,-2,0.1,2.4,101,19,
156548,274.747,4.078,682,668,-1,12.3,12.3,134.5,0.8,2.6,-1.6,0.1,2.4,101,19,
156580,275.276,4.066,-1,608,375,12.8,12.8,133.3,1.1,2.3,-2,0,0,101,19,
156615,248.438,4.047,-1,651,374,12.6,12.6,131.8,0.5,2.7,-2.3,0.1,2.4,101,19,
156647,235.011,4.027,-1,601,248,18.1,18.1,129.4,0.3,4.1,-3,0.1,2.4,101,19,
156679,229.196,4.041,698,624,242,15.1,15.1,127.5,0.4,3.5,-3.3,0.1,4.9,101,19,
156711,231.953,4.029,696,627,241,15.6,15.6,125.7,0.4,3.6,-3.3,0.1,2.4,101,19,
156746,227.835,4.037,681,612,241,14,14,123.2,0.3,3.5,-2.6,0.1,2.4,101,19,
156777,229.735,4.025,670,412,242,20.8,20.8,121.3,0.5,4.2,-3.4,0.1,2.4,101,19,
156809,227.2,4.031,650,356,242,17.2,17.2,119.2,0.4,3.5,-3.1,0,0,101,19,
156840,224.321,4.016,-1,312,252,17.7,17.7,117,0.4,3.5,-2.6,-0.1,2.4,101,19,
157760,163.938,4.056,588,311,242,14.9,16.4,112.1,1,6.8,-4.8,0.1,2.4,0,0,
158668,160.196,4.06,597,312,251,0,0,112.1,0,0,0,0,0,0,0,
159579,157.877,4.057,598,312,242,0,0,112.1,0,0,0,0,0,0,0,
160480,162.462,4.052,580,312,246,0,0,112,0,0,0,0,0,0,0,
161398,159.05,4.063,571,304,242,0,0,112,0,0,0,0,0,0,0,
162318,158.342,4.055,586,309,242,0,0,112,0,0,0,0,0,0,0,
163230,161.608,4.054,599,314,242,0,0,112,0,0,0,0,0,0,0,
164148,161.168,4.064,588,312,242,0,0,111.9,0,0,0,0,0,0,0,
165049,159.455,4.052,599,274,247,0,0,111.9,0,0,0,0,0,0,0,
165950,163.234,4.039,598,279,244,0,0,111.9,0,0,0,0,0,0,0,
166050,208.712,3.975,599,311,248,0,0,111.9,0,0,0,0,0,-100,100,
166081,369.638,3.998,598,311,253,0.6,2.4,111.9,0.2,0.7,1.2,0,0,-100,100,
166117,327.642,4.005,597,321,242,1.7,1.7,114.4,0.2,2.6,2,-0.1,2.4,-100,100,
166148,315.404,4.008,597,296,242,3.7,3.7,116.6,-0.2,3.5,2.3,-0.1,0,-100,100,
166180,304.273,4.011,-1,346,249,3.3,3.3,119.1,-0.6,1.9,3.2,-0.1,0,-100,100,
166216,298.662,4.042,664,399,246,-0.1,10.7,122.5,-0.2,1.9,3.4,-0.1,0,-100,100,
166248,281.365,4.051,-1,639,-1,7.3,7.3,127.3,-1.2,0.7,4.3,0.1,0,-100,100,
166280,272.933,4.001,-1,639,-1,0.1,9.2,131.6,-1.8,0.1,4,0.1,0,-100,100,
166312,301.375,4.06,-1,671,-1,7.8,7.8,136,-1.4,1.9,3,0.1,-2.4,-100,100,
166348,273.447,4.057,-1,577,-1,11.5,11.5,140.2,0.9,1.1,4.5,-0.2,2.4,-100,100,
166380,259.704,4.033,-1,454,-1,8.4,8.4,146.2,-0.5,-1,5.3,-0.1,2.4,-100,100,
166412,260.754,4.045,-1,482,-1,9.1,9.1,151.2,-2.7,-0.3,4.7,0.1,0,-100,100,
166447,266.06,4.031,-1,483,-1,8.9,8.9,156.4,-1.4,-0.3,4.7,-0.1,0,-100,100,
166479,271.308,4.042,639,461,-1,12.7,12.7,162.8,-1.1,-0.5,6.1,-0.1,0,-100,100,
166511,273.991,4.053,651,443,-1,10.6,10.6,167.6,-1.1,-0.6,5,-0.1,0,-100,100,
166547,278.652,4.044,649,507,-1,10.4,10.4,174,-1,-0.7,5,0.1,0,-100,100,
166578,277.771,4.03,610,441,704,14.9,14.9,178.7,-1.3,-0.6,5.9,0.1,0,-100,100,
166610,279.666,4.044,587,566,383,13.1,13.1,-176.5,-0.9,-0.6,5.2,0.1,0,-100,100,
167529,160.396,4.066,511,466,398,0,0,-168.9,-0.5,-0.3,3.8,0,0,0,0,
168439,161.347,4.047,506,514,394,0,0,-168.9,0,0,0,0,0,0,0,
169358,158.144,4.05,510,529,389,0,0,-169,0,0,0,0,0,0,0,
170269,161.925,4.054,514,600,384,0,0,-169,0,0,0,0,0,0,0,
171180,167.514,4.066,623,601,398,0.6,13.9,-169,0.8,-0.3,-0.2,0,0,0,0,
172092,163.143,4.06,622,551,377,0.1,2.4,-169.1,0.2,0,0,0,0,0,0,
173002,159.271,4.066,637,588,374,0,0,-169.1,-0.1,0,0,0,0,0,0,
173910,163.266,4.051,624,601,403,0,0,-169.1,0,0,0,0,0,0,0,
174827,160.641,4.037,611,541,379,0,0,-169.1,0,0,0,0,0,0,0,
175728,163.316,4.052,624,599,404,0,0,-169.2,0,0,0,0,0,0,0,
176642,159.29,4.041,624,589,398,0,0,-169.2,0,0,0,0,0,0,0,
176720,212.075,3.991,638,579,401,0,0,-169.2,0,0,0,-0.1,0,100,100,
176749,359.393,4.008,623,600,388,0.7,0.7,-169.2,0.1,0.7,-0.6,0,0,100,100,
176781,350.836,4.022,621,602,388,1.8,1.8,-169.1,0.1,2.9,-0.7,0.1,4.9,100,100,
176813,343.649,4.009,605,599,563,2.8,2.8,-169.1,0,2,-1.2,0.1,2.4,100,100,
176844,337.438,3.987,638,626,-1,11.6,11.2,-168.8,0,0.1,-0.2,0,0,100,100,
176879,345.826,4.02,624,628,-1,6.4,6.4,-167.9,0.1,0,0,0,0,100,100,
176910,342.065,3.999,662,626,-1,11.3,11.3,-167.9,0,0,0,-0.1,2.4,100,100,
176941,355.126,3.993,698,625,-1,10.2,10.2,-167.7,0,0,0,-0.1,2.4,100,100,
176973,353.603,4.01,657,463,-1,11.6,11.6,-167.4,0,0,0,0.1,4.9,100,100,
177008,334.166,4.014,-1,588,-1,12.5,12.5,-167.4,0,0,0,0.1,4.9,100,100,
177040,321.294,4,-1,577,-1,19.7,19.7,-167.7,0,0,0,0.1,4.9,100,100,
177071,303.817,4.029,699,600,-1,18,18,-168.1,0,0,0,-0.1,4.9,100,100,
177103,291.539,4.014,676,599,-1,20.1,20.1,-168.7,0,0,0,-0.1,4.9,100,100,
177138,301.007,4.009,678,602,-1,20.9,20.9,-169.6,0,0,0,-0.1,4.9,100,100,
177170,324.518,4.025,696,627,-1,32.2,32.2,-169.4,0,0,0,-0.1,2.4,100,100,
177201,257.079,4.02,698,599,-1,29,29,-170.2,0,0,0,0.1,4.9,100,100,
177233,226.462,4.05,679,612,-1,31.2,31.2,-171,0,0,0,-0.1,2.4,100,100,
177268,209.268,4.027,621,614,-1,31.7,31.7,-172.6,0,0,0,-0.1,4.9,100,100,
177300,205.88,4.009,637,587,-1,47.6,47.6,-174.7,0,0,0,-0.1,4.9,100,100,
177332,222.136,4.022,634,513,-1,41.5,41.5,-176.3,0,0,0,-0.1,4.9,100,100,
177363,231.955,4.043,649,654,-1,44.2,44.2,-176.1,0,0,0,0.1,4.9,100,100,
177399,252.293,3.985,651,638,-1,44.7,44.7,-175.5,0,0,0,0.1,4.9,100,100,
177430,235.562,4.04,660,650,-1,64.9,64.9,-176.4,0,0,0,-0.1,4.9,100,100,
177462,233.42,3.993,664,652,-1,55.2,55.2,-176.1,0,0,0,-0.1,4.9,100,100,
177494,246.777,4.026,666,639,-1,58,58,-173,0,0,0,0,0,100,100,
177529,238.623,4.021,667,653,-1,57.2,57.2,-172.9,0,0,0,0,0,100,100,
177561,236.599,4.018,664,639,-1,80.9,80.9,-171.2,0,0,0,0,0,100,100,
177592,238.55,4.041,681,636,-1,69.2,69.2,-170.3,0,0,0,0,0,100,100,
177623,243.42,3.987,691,553,-1,72.2,72.2,-169.6,0,0,0,0.1,2.4,100,100,
177659,241.774,4.021,695,650,-1,70.9,70.9,-168.4,0,0,0,0,0,100,100,
177691,240.461,3.995,695,649,554,99.3,99.3,-167.4,0,0,0,0.1,2.4,100,100,
178603,116.479,4.052,-1,652,540,73.7,73.7,-162,0,0,0,0.1,4.9,0,0,
179511,123.178,4.045,687,639,658,0,0,-153,0,0,0,0,0,0,0,
180421,116.491,4.057,694,630,-1,0,0,-150.8,0,0,0,0,0,0,0,
181331,120.414,4.038,-1,639,-1,0,0,-150.4,0,0,0,0,0,0,0,
182241,113.849,4.059,-1,536,-1,0,0,-150.2,0,0,0,0,0,0,0,
183154,119.311,4.056,697,628,-1,0,0,-150.1,0,0,0,0,0,0,0,
184062,119.102,4.052,692,640,667,0,0,-150.1,0,0,0,0,0,0,0,
184963,119.418,4.024,-1,624,-1,0,0,-150.1,0,0,0,0,0,0,0,
185883,114.086,4.049,-1,598,-1,0,0,-150.1,0,0,0,0,0,0,0,
186792,121.854,4.062,-1,614,-1,0,0,-150.2,0,0,0,0,0,0,0,
186883,151.139,4.007,-1,627,691,0,0,-150.2,0,0,0,0,0,125,-5,
186914,219.579,4.022,-1,554,-1,1.1,1.1,-150.2,0,0,0,0.1,2.4,125,-5,
186945,199.759,4.022,-1,635,-1,4.2,4.2,-149.9,0,0,0,0.1,2.4,125,-5,
186981,190.618,4.021,-1,639,-1,6.9,6.9,-150.2,0,0,0,0.1,2.4,125,-5,
187012,184.433,3.998,-1,640,707,15.3,15.3,-150.2,0,0,0,0.1,2.4,125,-5,
187044,195.968,4.043,-1,639,707,15.8,15.8,-150.4,0,0,0,0.1,2.4,125,-5,
187075,192.318,4.039,694,614,-1,18.8,18.8,-150.6,0,0,0,0.1,2.4,125,-5,
187111,191.943,4.054,-1,624,687,20.5,20.5,-150.5,0,0,0,0,0,125,-5,
187142,185.018,4.031,-1,475,-1,33.3,33.3,-150.5,0,0,0,0,0,125,-5,
187174,186.954,4.031,707,654,705,30.3,30.3,-150.5,0,0,0,0,0,125,-5,
187205,194.73,4.038,-1,652,705,33.4,33.4,-150.6,0,0,0,0.1,2.4,125,-5,
187240,193.583,4.031,-1,614,689,34.3,34.3,-150.6,0,0,0,0.1,2.4,125,-5,
187272,189.581,4.057,696,625,690,51.3,51.3,-150.6,0,0,0,0.1,2.4,125,-5,
187304,179.447,4.031,-1,641,675,44.9,44.9,-150.6,0,0,0,0.1,2.4,125,-5,
187335,168.854,4.031,-1,613,689,48.1,48.1,-150.7,0,0,0,0.1,2.4,125,-5,
187371,168.279,4.049,-1,623,689,48,48,-150.7,0,0,0,0.1,2.4,125,-5,
187402,181.318,4.026,-1,627,667,69.4,69.4,-150.6,0,0,0,0.1,2.4,125,-5,
187434,177.251,4.048,701,547,-1,59.6,59.6,-150.6,0,0,0,0,0,125,-5,
187465,174.994,4.027,-1,615,687,62.7,62.7,-150.5,0,0,0,0,0,125,-5,
187500,176.442,4.032,706,640,-1,61.8,61.8,-150.5,0,0,0,0.1,2.4,125,-5,
187532,181.692,4.056,-1,600,691,87.4,87.4,-150.4,0,0,0,0.1,2.4,125,-5,
187564,191.198,4.01,-1,529,688,74.1,74.1,-150.4,0,0,0,0.1,2.4,125,-5,
187595,192.17,4.01,-1,638,706,77.3,77.3,-150.4,0,0,0,0.1,2.4,125,-5,
187630,192.088,4.029,-1,626,706,75.5,75.5,-150.4,0,0,0,0.1,2.4,125,-5,
187662,185.121,4.025,-1,484,689,105.5,105.5,-150.6,0,0,0,0.1,2.4,125,-5,
187694,185.554,4.054,-1,639,674,88.8,88.8,-150.6,0,0,0,0,0,125,-5,
187725,198.219,4.02,-1,637,674,91.8,91.8,-150.7,0,0,0,0,0,125,-5,
187760,198.295,4.017,696,627,705,89.2,89.2,-150.8,0,0,0,0,0,125,-5,
187792,193.524,4.049,-1,641,649,123.4,123.4,-151,0,0,0,0,0,125,-5,
187824,187.871,4.05,-1,627,683,103.3,103.3,-150.9,0,0,0,0,0,125,-5,
187855,178.961,4.029,-1,639,691,106.3,106.3,-151,0,0,0,0.1,2.4,125,-5,
188764,120.234,4.052,-1,642,689,83.3,83.3,-150.9,0,0,0,0.1,2.4,0,0,
189674,118.409,4.041,-1,627,689,0,0,-151,0,0,0,0,0,0,0,
190593,129.551,4.046,-1,601,689,0,0,-150.7,-0.2,0.2,-0.7,0,0,0,0,
191504,120.642,4.024,-1,640,689,0,0,-150.7,-0.1,0.1,-0.5,0,0,0,0,
192413,121.338,4.047,-1,625,666,0,0,-150.8,0,0,0,0,0,0,0,
193323,116.598,4.065,-1,639,694,0,0,-150.8,0,0,0,0,0,0,0,
194226,119.389,4.056,669,605,692,0,0,-150.9,0,0,0,0,0,0,0,
195135,113.295,4.055,696,612,706,0,0,-150.9,0,0,0,0,0,0,0,
196046,122.884,4.054,-1,641,691,0,0,-150.9,0,0,0,0,0,0,0,
196965,120.329,4.057,-1,613,-1,0,0,-151,0,0,0,0,0,0,0,
197874,117.94,4.046,-1,614,690,0,0,-151,0,0,0,0,0,0,0,
198784,122.23,4.056,-1,614,666,0,0,-150.9,0,0,0,0,0,0,0,
199696,117.616,4.048,-1,627,688,0,0,-150.7,0,0,0,0,0,0,0,
200614,120.544,4.055,-1,652,688,0,0,-150.5,0,0,0,0,0,0,0,