0,1,-0,0,0,1,0,0,0,1,0,0,0
0.164,1,-0,0,0,1,0,0,0,1,6.5857e-06,0.0018867,0
0.035,0.99999,0.0034907,0,-0.0034907,0.99999,0,0,0,1,1.3519e-05,0.0038729,0
0.032,0.99999,0.0034907,0,-0.0034907,0.99999,0,0,0,1,1.6322e-05,0.0046759,0
0.011,0.99999,0.0034907,0,-0.0034907,0.99999,0,0,0,1,0,0.0050814,0
0.03,1,-0,0,0,1,0,0,0,1,9.2648e-06,0.0053083,0
0.031,1,0.0017453,0,-0.0017453,1,0,0,0,1,1.8989e-05,0.00544,0
0.035,0.99999,0.0034907,0,-0.0034907,0.99999,0,0,0,1,1.9319e-05,0.0055344,0
0.033,0.99999,0.0034907,0,-0.0034907,0.99999,0,0,0,1,2.9308e-05,0.0055974,0
0.031,0.99999,0.005236,0,-0.005236,0.99999,0,0,0,1,1.9724e-05,0.0056504,0
0.036,0.99999,0.0034907,0,-0.0034907,0.99999,0,0,0,1,9.9339e-06,0.0056917,0
0.914,1,0.0017453,0,-0.0017453,1,0,0,0,1,1.4157e-06,0.00081112,0
0.911,1,0.0017453,0,-0.0017453,1,0,0,0,1,1.183e-06,0.0006778,0
0.281,1,0.0017453,0,-0.0017453,1,0,0,0,1,1.9605e-05,0.0056165,0
0.035,0.99999,0.0034907,0,-0.0034907,0.99999,0,0,0,1,1.9726e-05,0.005651,0
0.031,0.99999,0.0034907,0,-0.0034907,0.99999,0,0,0,1,1.9836e-05,0.0056827,0
0.032,0.99999,0.0034907,0,-0.0034907,0.99999,0,0,0,1,2.9842e-05,0.0056993,0
0.031,0.99999,0.005236,0,-0.005236,0.99999,0,0,0,1,2.9932e-05,0.0057165,0
0.036,0.99999,0.005236,0,-0.005236,0.99999,0,0,0,1,3.0008e-05,0.0057311,0
0.032,0.99999,0.005236,0,-0.005236,0.99999,0,0,0,1,3.0079e-05,0.0057445,0
0.031,0.99999,0.005236,0,-0.005236,0.99999,0,0,0,1,3.0122e-05,0.0057528,0
0.032,0.99999,0.005236,0,-0.005236,0.99999,0,0,0,1,4.0204e-05,0.0057587,0
0.035,0.99998,0.0069813,0,-0.0069813,0.99998,0,0,0,1,3.0209e-05,0.0057695,0
0.032,0.99999,0.005236,0,-0.005236,0.99999,0,0,0,1,3.027e-05,0.0057812,0
0.032,0.99999,0.005236,0,-0.005236,0.99999,0,0,0,1,4.0368e-05,0.0057822,0
0.036,0.99998,0.0069813,0,-0.0069813,0.99998,0,0,0,1,4.0406e-05,0.0057876,0
0.031,0.99998,0.0069813,0,-0.0069813,0.99998,0,0,0,1,5.0541e-05,0.0057915,0
0.032,0.99996,0.0087265,0,-0.0087265,0.99996,0,0,0,1,5.0569e-05,0.0057947,0
0.032,0.99996,0.0087265,0,-0.0087265,0.99996,0,0,0,1,6.07e-05,0.0057962,0
0.036,0.99995,0.010472,0,-0.010472,0.99995,0,0,0,1,6.0728e-05,0.0057989,0
0.031,0.99995,0.010472,0,-0.010472,0.99995,0,0,0,1,7.0877e-05,0.0058011,0
0.032,0.99993,0.012217,0,-0.012217,0.99993,0,0,0,1,7.0923e-05,0.0058049,0
0.036,0.99993,0.012217,0,-0.012217,0.99993,0,0,0,1,6.0846e-05,0.0058102,0
0.031,0.99995,0.010472,0,-0.010472,0.99995,0,0,0,1,6.0876e-05,0.005813,0
0.032,0.99995,0.010472,0,-0.010472,0.99995,0,0,0,1,6.0888e-05,0.0058141,0
0.032,0.99995,0.010472,0,-0.010472,0.99995,0,0,0,1,6.0918e-05,0.005817,0
0.035,0.99995,0.010472,0,-0.010472,0.99995,0,0,0,1,5.0777e-05,0.0058184,0
0.031,0.99996,0.0087265,0,-0.0087265,0.99996,0,0,0,1,4.0675e-05,0.0058262,0
0.031,0.99998,0.0069813,0,-0.0069813,0.99998,0,0,0,1,4.067e-05,0.0058254,0
0.032,0.99998,0.0069813,0,-0.0069813,0.99998,0,0,0,1,5.0831e-05,0.0058246,0
0.036,0.99996,0.0087265,0,-0.0087265,0.99996,0,0,0,1,5.0848e-05,0.0058267,0
0.032,0.99996,0.0087265,0,-0.0087265,0.99996,0,0,0,1,5.0873e-05,0.0058295,0
0.031,0.99996,0.0087265,0,-0.0087265,0.99996,0,0,0,1,5.0858e-05,0.0058277,0
0.032,0.99996,0.0087265,0,-0.0087265,0.99996,0,0,0,1,6.1026e-05,0.0058273,0
0.907,0.99995,0.010472,0,-0.010472,0.99995,0,0,0,1,3.8683e-06,0.00036938,0
0.908,0.99995,0.010472,0,-0.010472,0.99995,0,0,0,1,3.5525e-06,0.00033922,0
0.903,0.99995,0.010472,0,-0.010472,0.99995,0,0,0,1,3.9475e-06,0.00032309,0
0.901,0.99993,0.012217,0,-0.012217,0.99993,0,0,0,1,3.7833e-06,0.00030965,0
0.918,0.99993,0.012217,0,-0.012217,0.99993,0,0,0,1,3.628e-06,0.00029694,0
0.903,0.99993,0.012217,0,-0.012217,0.99993,0,0,0,1,3.4809e-06,0.0002849,0
0.91,0.99993,0.012217,0,-0.012217,0.99993,0,0,0,1,3.7938e-06,0.00027169,0
0.913,0.9999,0.013962,0,-0.013962,0.9999,0,0,0,1,3.6435e-06,0.00026093,0
0.917,0.9999,0.013962,0,-0.013962,0.9999,0,0,0,1,3.5006e-06,0.00025069,0
0.91,0.9999,0.013962,0,-0.013962,0.9999,0,0,0,1,3.3647e-06,0.00024096,0
0.1,0.9999,0.013962,0,-0.013962,0.9999,0,0,0,1,4.9158e-05,0.0035204,0
0.035,0.9999,0.013962,0,-0.013962,0.9999,0,0,0,1,5.5302e-05,0.0035203,0
0.032,0.99988,0.015707,0,-0.015707,0.99988,0,0,0,1,5.5363e-05,0.0035242,0
0.032,0.99988,0.015707,0,-0.015707,0.99988,0,0,0,1,6.1471e-05,0.0035217,0
0.031,0.99985,0.017452,0,-0.017452,0.99985,0,0,0,1,4.9215e-05,0.0035245,0
0.036,0.9999,0.013962,0,-0.013962,0.9999,0,0,0,1,4.9197e-05,0.0035233,0
0.031,0.9999,0.013962,0,-0.013962,0.9999,0,0,0,1,4.9204e-05,0.0035238,0
0.032,0.9999,0.013962,0,-0.013962,0.9999,0,0,0,1,4.3062e-05,0.0035245,0
0.031,0.99993,0.012217,0,-0.012217,0.99993,0,0,0,1,4.3049e-05,0.0035234,0
0.036,0.99993,0.012217,0,-0.012217,0.99993,0,0,0,1,4.3043e-05,0.0035229,0
0.031,0.99993,0.012217,0,-0.012217,0.99993,0,0,0,1,3.6923e-05,0.0035258,0
0.032,0.99995,0.010472,0,-0.010472,0.99995,0,0,0,1,3.6901e-05,0.0035237,0
0.031,0.99995,0.010472,0,-0.010472,0.99995,0,0,0,1,3.0758e-05,0.0035246,0
0.036,0.99996,0.0087265,0,-0.0087265,0.99996,0,0,0,1,3.0752e-05,0.0035239,0
0.031,0.99996,0.0087265,0,-0.0087265,0.99996,0,0,0,1,2.461e-05,0.0035251,0
0.032,0.99998,0.0069813,0,-0.0069813,0.99998,0,0,0,1,1.8455e-05,0.0035246,0
0.031,0.99999,0.005236,0,-0.005236,0.99999,0,0,0,1,1.846e-05,0.0035256,0
0.036,0.99999,0.005236,0,-0.005236,0.99999,0,0,0,1,1.8453e-05,0.0035243,0
0.032,0.99999,0.005236,0,-0.005236,0.99999,0,0,0,1,1.2311e-05,0.0035268,0
0.031,0.99999,0.0034907,0,-0.0034907,0.99999,0,0,0,1,6.1547e-06,0.0035264,0
0.032,1,0.0017453,0,-0.0017453,1,0,0,0,1,0,0.0035275,0
0.036,1,-0,0,0,1,0,0,0,1,-6.1578e-06,0.0035282,0
0.031,1,-0.0017453,0,0.0017453,1,0,0,0,1,-6.1573e-06,0.0035279,0
0.032,1,-0.0017453,0,0.0017453,1,0,0,0,1,-1.2316e-05,0.0035283,0
0.035,0.99999,-0.0034907,0,0.0034907,0.99999,0,0,0,1,-1.848e-05,0.0035293,0
0.032,0.99999,-0.005236,0,0.005236,0.99999,0,0,0,1,-1.8481e-05,0.0035296,0
0.032,0.99999,-0.005236,0,0.005236,0.99999,0,0,0,1,-2.4638e-05,0.003529,0
0.032,0.99998,-0.0069813,0,0.0069813,0.99998,0,0,0,1,-2.4626e-05,0.0035274,0
0.035,0.99998,-0.0069813,0,0.0069813,0.99998,0,0,0,1,-2.4623e-05,0.003527,0
0.032,0.99998,-0.0069813,0,0.0069813,0.99998,0,0,0,1,-2.4627e-05,0.0035275,0
0.032,0.99998,-0.0069813,0,0.0069813,0.99998,0,0,0,1,-4.3134e-05,0.0035304,0
0.917,0.99993,-0.012217,0,0.012217,0.99993,0,0,0,1,-2.8124e-06,0.00023019,0
0.903,0.99993,-0.012217,0,0.012217,0.99993,0,0,0,1,-2.229e-06,0.00021285,0
0.909,0.99995,-0.010472,0,0.010472,0.99995,0,0,0,1,-2.154e-06,0.00020569,0
0.909,0.99995,-0.010472,0,0.010472,0.99995,0,0,0,1,-2.0816e-06,0.00019877,0
0.908,0.99995,-0.010472,0,0.010472,0.99995,0,0,0,1,-2.0118e-06,0.0001921,0
0.908,0.99995,-0.010472,0,0.010472,0.99995,0,0,0,1,-1.9443e-06,0.00018566,0
0.905,0.99995,-0.010472,0,0.010472,0.99995,0,0,0,1,-1.8792e-06,0.00017944,0
0.911,0.99995,-0.010472,0,0.010472,0.99995,0,0,0,1,-1.8163e-06,0.00017344,0
0.911,0.99995,-0.010472,0,0.010472,0.99995,0,0,0,1,-1.7556e-06,0.00016764,0
0.92,0.99995,-0.010472,0,0.010472,0.99995,0,0,0,1,-1.6969e-06,0.00016204,0
0.117,0.99995,-0.010472,0,0.010472,0.99995,0,0,0,1,-3.0163e-05,0.0034564,0
0.03,0.99996,-0.0087265,0,0.0087265,0.99996,0,0,0,1,-2.4141e-05,0.0034579,0
0.032,0.99998,-0.0069813,0,0.0069813,0.99998,0,0,0,1,-3.0242e-05,0.0034654,0
0.032,0.99996,-0.0087265,0,0.0087265,0.99996,0,0,0,1,-3.0258e-05,0.0034672,0
0.035,0.99996,-0.0087265,0,0.0087265,0.99996,0,0,0,1,-3.0267e-05,0.0034682,0
0.032,0.99996,-0.0087265,0,0.0087265,0.99996,0,0,0,1,-3.6364e-05,0.0034723,0
0.031,0.99995,-0.010472,0,0.010472,0.99995,0,0,0,1,-3.0284e-05,0.0034702,0
0.032,0.99996,-0.0087265,0,0.0087265,0.99996,0,0,0,1,-3.0297e-05,0.0034717,0
0.035,0.99996,-0.0087265,0,0.0087265,0.99996,0,0,0,1,-3.0302e-05,0.0034723,0
0.032,0.99996,-0.0087265,0,0.0087265,0.99996,0,0,0,1,-3.0328e-05,0.0034753,0
0.031,0.99996,-0.0087265,0,0.0087265,0.99996,0,0,0,1,-3.0323e-05,0.0034746,0
0.032,0.99996,-0.0087265,0,0.0087265,0.99996,0,0,0,1,-3.6416e-05,0.0034774,0
0.035,0.99995,-0.010472,0,0.010472,0.99995,0,0,0,1,-4.2518e-05,0.00348,0
0.032,0.99993,-0.012217,0,0.012217,0.99993,0,0,0,1,-4.2537e-05,0.0034815,0
0.032,0.99993,-0.012217,0,0.012217,0.99993,0,0,0,1,-4.2536e-05,0.0034814,0
0.031,0.99993,-0.012217,0,0.012217,0.99993,0,0,0,1,-4.8637e-05,0.0034831,0
0.036,0.9999,-0.013962,0,0.013962,0.9999,0,0,0,1,-4.8654e-05,0.0034843,0
0.031,0.9999,-0.013962,0,0.013962,0.9999,0,0,0,1,-5.478e-05,0.0034871,0
0.032,0.99988,-0.015707,0,0.015707,0.99988,0,0,0,1,-5.4782e-05,0.0034872,0
0.031,0.99988,-0.015707,0,0.015707,0.99988,0,0,0,1,-6.7023e-05,0.0034906,0
0.036,0.99982,-0.019197,0,0.019197,0.99982,0,0,0,1,-6.7034e-05,0.0034912,0
0.03,0.99982,-0.019197,0,0.019197,0.99982,0,0,0,1,-7.319e-05,0.0034941,0
0.032,0.99978,-0.020942,0,0.020942,0.99978,0,0,0,1,-7.9314e-05,0.0034951,0
0.031,0.99974,-0.022687,0,0.022687,0.99974,0,0,0,1,-7.318e-05,0.0034936,0
0.036,0.99978,-0.020942,0,0.020942,0.99978,0,0,0,1,-7.9326e-05,0.0034956,0
0.031,0.99974,-0.022687,0,0.022687,0.99974,0,0,0,1,-7.9344e-05,0.0034964,0
0.032,0.99974,-0.022687,0,0.022687,0.99974,0,0,0,1,-7.9321e-05,0.0034954,0
0.032,0.99974,-0.022687,0,0.022687,0.99974,0,0,0,1,-8.5472e-05,0.0034973,0
0.035,0.9997,-0.024432,0,0.024432,0.9997,0,0,0,1,-8.5476e-05,0.0034974,0
0.032,0.9997,-0.024432,0,0.024432,0.9997,0,0,0,1,-8.5503e-05,0.0034986,0
0.031,0.9997,-0.024432,0,0.024432,0.9997,0,0,0,1,-9.7772e-05,0.0035003,0
0.912,0.99961,-0.027922,0,0.027922,0.99961,0,0,0,1,-5.6738e-06,0.00020313,0
0.918,0.99961,-0.027922,0,0.027922,0.99961,0,0,0,1,-5.1949e-06,0.00018598,0
0.912,0.99961,-0.027922,0,0.027922,0.99961,0,0,0,1,-4.6662e-06,0.00017819,0
0.9,0.99966,-0.026177,0,0.026177,0.99966,0,0,0,1,-4.5121e-06,0.00017231,0
0.905,0.99966,-0.026177,0,0.026177,0.99966,0,0,0,1,-4.3631e-06,0.00016662,0
0.904,0.99966,-0.026177,0,0.026177,0.99966,0,0,0,1,-4.2191e-06,0.00016112,0
0.909,0.99966,-0.026177,0,0.026177,0.99966,0,0,0,1,-3.7675e-06,0.00015416,0
0.901,0.9997,-0.024432,0,0.024432,0.9997,0,0,0,1,-3.6432e-06,0.00014907,0
0.9,0.9997,-0.024432,0,0.024432,0.9997,0,0,0,1,-3.5229e-06,0.00014415,0
0.911,0.9997,-0.024432,0,0.024432,0.9997,0,0,0,1,-3.4067e-06,0.00013939,0
0.132,0.9997,-0.024432,0,0.024432,0.9997,0,0,0,1,-7.7189e-05,0.0034014,0
0.035,0.99974,-0.022687,0,0.022687,0.99974,0,0,0,1,-0.00014409,0.0034379,0
0.031,0.99912,-0.041876,0,0.041876,0.99912,0,0,0,1,-0.00022479,0.0034761,0
0.032,0.99792,-0.064532,0,0.064532,0.99792,0,0,0,1,-0.00028181,0.0035026,0
0.031,0.99678,-0.080199,0,0.080199,0.99678,0,0,0,1,-0.00033961,0.003527,0
0.035,0.9954,-0.095846,0,0.095846,0.9954,0,0,0,1,-0.00043644,0.0035545,0
0.032,0.99255,-0.12187,0,0.12187,0.99255,0,0,0,1,-0.00052201,0.0035782,0
0.031,0.98953,-0.14436,0,0.14436,0.98953,0,0,0,1,-0.00059523,0.0035955,0
0.032,0.98657,-0.16333,0,0.16333,0.98657,0,0,0,1,-0.00075546,0.0036162,0
0.067,0.97887,-0.2045,0,0.2045,0.97887,0,0,0,1,-0.00083092,0.003628,0
0.031,0.97476,-0.22325,0,0.22325,0.97476,0,0,0,1,-0.00090647,0.0036357,0
0.032,0.9703,-0.24192,0,0.24192,0.9703,0,0,0,1,-0.0009826,0.0036417,0
0.035,0.96547,-0.2605,0,0.2605,0.96547,0,0,0,1,-0.0010795,0.0036443,0
0.032,0.95882,-0.28402,0,0.28402,0.95882,0,0,0,1,-0.0011635,0.0036457,0
0.032,0.95266,-0.30403,0,0.30403,0.95266,0,0,0,1,-0.001247,0.0036423,0
0.031,0.94609,-0.32392,0,0.32392,0.94609,0,0,0,1,-0.0013587,0.003634,0
0.036,0.93667,-0.35021,0,0.35021,0.93667,0,0,0,1,-0.0014359,0.0036268,0
0.031,0.92978,-0.36812,0,0.36812,0.92978,0,0,0,1,-0.0015201,0.0036163,0
0.032,0.92186,-0.38752,0,0.38752,0.92186,0,0,0,1,-0.0015967,0.0036031,0
0.031,0.91425,-0.40514,0,0.40514,0.91425,0,0,0,1,-0.0017083,0.0035815,0
0.036,0.90259,-0.43051,0,0.43051,0.90259,0,0,0,1,-0.0017846,0.0035637,0
0.031,0.89415,-0.44776,0,0.44776,0.89415,0,0,0,1,-0.0018543,0.0035469,0
0.032,0.8862,-0.4633,0,0.4633,0.8862,0,0,0,1,-0.0019225,0.003526,0
0.031,0.87798,-0.47869,0,0.47869,0.87798,0,0,0,1,-0.0020253,0.0034938,0
0.036,0.86515,-0.50151,0,0.50151,0.86515,0,0,0,1,-0.0020999,0.0034674,0
0.031,0.85536,-0.51803,0,0.51803,0.85536,0,0,0,1,-0.002161,0.0034449,0
0.032,0.84712,-0.5314,0,0.5314,0.84712,0,0,0,1,-0.0022203,0.0034189,0
0.032,0.83867,-0.54464,0,0.54464,0.83867,0,0,0,1,-0.0022867,0.0033901,0
0.035,0.82904,-0.55919,0,0.55919,0.82904,0,0,0,1,-0.0023452,0.0033618,0
0.031,0.82015,-0.57215,0,0.57215,0.82015,0,0,0,1,-0.0024584,0.0033102,0
0.913,0.80282,-0.59622,0,0.59622,0.80282,0,0,0,1,-0.00050419,0.00068137,0
0.91,0.80386,-0.59482,0,0.59482,0.80386,0,0,0,1,-0.00048285,0.00065253,0
0.909,0.80386,-0.59482,0,0.59482,0.80386,0,0,0,1,-0.00046693,0.00063101,0
0.909,0.80386,-0.59482,0,0.59482,0.80386,0,0,0,1,-0.00044948,0.00060966,0
0.916,0.80489,-0.59342,0,0.59342,0.80489,0,0,0,1,-0.00043466,0.00058956,0
0.916,0.80489,-0.59342,0,0.59342,0.80489,0,0,0,1,-0.00042033,0.00057012,0
0.918,0.80489,-0.59342,0,0.59342,0.80489,0,0,0,1,-0.00040453,0.0005507,0
1.82,0.80593,-0.59201,0,0.59201,0.80593,0,0,0,1,-0.00039119,0.00053254,0
0.907,0.80593,-0.59201,0,0.59201,0.80593,0,0,0,1,-0.00037829,0.00051499,0
0.094,0.80593,-0.59201,0,0.59201,0.80593,0,0,0,1,-0.0023181,0.0031557,0
0.03,0.80593,-0.59201,0,0.59201,0.80593,0,0,0,1,-0.0023255,0.0031428,0
0.032,0.80386,-0.59482,0,0.59482,0.80386,0,0,0,1,-0.0023209,0.0031365,0
0.035,0.80386,-0.59482,0,0.59482,0.80386,0,0,0,1,-0.0023216,0.003126,0
0.032,0.80282,-0.59622,0,0.59622,0.80282,0,0,0,1,-0.0023222,0.0031155,0
0.031,0.80178,-0.59763,0,0.59763,0.80178,0,0,0,1,-0.0023153,0.0031062,0
0.032,0.80178,-0.59763,0,0.59763,0.80178,0,0,0,1,-0.0023157,0.0030955,0
0.035,0.80073,-0.59902,0,0.59902,0.80073,0,0,0,1,-0.0023224,0.0030819,0
0.032,0.79864,-0.60182,0,0.60182,0.79864,0,0,0,1,-0.0023236,0.0030724,0
0.031,0.79758,-0.60321,0,0.60321,0.79758,0,0,0,1,-0.0023235,0.0030611,0
0.032,0.79653,-0.6046,0,0.6046,0.79653,0,0,0,1,-0.0023245,0.0030514,0
0.035,0.79547,-0.60599,0,0.60599,0.79547,0,0,0,1,-0.0023252,0.0030413,0
0.031,0.79441,-0.60738,0,0.60738,0.79441,0,0,0,1,-0.002321,0.0030357,0
0.032,0.79441,-0.60738,0,0.60738,0.79441,0,0,0,1,-0.0023214,0.0030254,0
0.031,0.79335,-0.60876,0,0.60876,0.79335,0,0,0,1,-0.002329,0.0030134,0
0.036,0.79122,-0.61153,0,0.61153,0.79122,0,0,0,1,-0.0023304,0.0030044,0
0.032,0.79016,-0.61291,0,0.61291,0.79016,0,0,0,1,-0.0023267,0.0029996,0
0.031,0.79016,-0.61291,0,0.61291,0.79016,0,0,0,1,-0.0023342,0.0029877,0
0.031,0.78801,-0.61566,0,0.61566,0.78801,0,0,0,1,-0.0023288,0.0029808,0
0.032,0.78801,-0.61566,0,0.61566,0.78801,0,0,0,1,-0.0023308,0.0029726,0
0.035,0.78694,-0.61704,0,0.61704,0.78694,0,0,0,1,-0.0023322,0.0029637,0
0.032,0.78586,-0.61841,0,0.61841,0.78586,0,0,0,1,-0.002334,0.0029554,0
0.032,0.78478,-0.61978,0,0.61978,0.78478,0,0,0,1,-0.0023364,0.0029478,0
0.035,0.78369,-0.62115,0,0.62115,0.78369,0,0,0,1,-0.0023449,0.0029375,0
0.032,0.78152,-0.62388,0,0.62388,0.78152,0,0,0,1,-0.0023541,0.002928,0
0.031,0.77934,-0.6266,0,0.6266,0.77934,0,0,0,1,-0.0023556,0.0029194,0
0.032,0.77824,-0.62796,0,0.62796,0.77824,0,0,0,1,-0.0023579,0.0029118,0
0.035,0.77715,-0.62932,0,0.62932,0.77715,0,0,0,1,-0.0023663,0.0029014,0
0.032,0.77494,-0.63203,0,0.63203,0.77494,0,0,0,1,-0.0023698,0.0028954,0
0.031,0.77384,-0.63338,0,0.63338,0.77384,0,0,0,1,-0.0023715,0.0028871,0
0.032,0.77273,-0.63473,0,0.63473,0.77273,0,0,0,1,-0.002386,0.0028739,0
0.92,0.7694,-0.63877,0,0.63877,0.7694,0,0,0,1,-0.00027891,0.00033594,0
0.9,0.7694,-0.63877,0,0.63877,0.7694,0,0,0,1,-0.00026082,0.00031527,0
0.91,0.77051,-0.63742,0,0.63742,0.77051,0,0,0,1,-0.00025222,0.00030488,0
0.915,0.77051,-0.63742,0,0.63742,0.77051,0,0,0,1,-0.0002439,0.00029483,0
0.912,0.77051,-0.63742,0,0.63742,0.77051,0,0,0,1,-0.00023431,0.00028424,0
0.911,0.77162,-0.63608,0,0.63608,0.77162,0,0,0,1,-0.00022659,0.00027487,0
0.902,0.77162,-0.63608,0,0.63608,0.77162,0,0,0,1,-0.00021912,0.00026581,0
0.908,0.77162,-0.63608,0,0.63608,0.77162,0,0,0,1,-0.00021039,0.00025614,0
0.901,0.77273,-0.63473,0,0.63473,0.77273,0,0,0,1,-0.00020346,0.00024769,0
0.901,0.77273,-0.63473,0,0.63473,0.77273,0,0,0,1,-0.00019675,0.00023953,0
0.193,0.77273,-0.63473,0,0.63473,0.77273,0,0,0,1,-0.0022895,0.0027873,0
0.035,0.77273,-0.63473,0,0.63473,0.77273,0,0,0,1,-0.0022749,0.0027893,0
0.03,0.77494,-0.63203,0,0.63203,0.77494,0,0,0,1,-0.0022572,0.0027974,0
0.032,0.77824,-0.62796,0,0.62796,0.77824,0,0,0,1,-0.0022482,0.0027962,0
0.032,0.77934,-0.6266,0,0.6266,0.77934,0,0,0,1,-0.0022335,0.0027979,0
0.035,0.78152,-0.62388,0,0.62388,0.78152,0,0,0,1,-0.0022242,0.0027962,0
0.032,0.78261,-0.62251,0,0.62251,0.78261,0,0,0,1,-0.0022165,0.0027965,0
0.031,0.78369,-0.62115,0,0.62115,0.78369,0,0,0,1,-0.0022073,0.002795,0
0.032,0.78478,-0.61978,0,0.61978,0.78478,0,0,0,1,-0.002199,0.0027945,0
0.035,0.78586,-0.61841,0,0.61841,0.78586,0,0,0,1,-0.0021904,0.0027935,0
0.032,0.78694,-0.61704,0,0.61704,0.78694,0,0,0,1,-0.0021833,0.0027945,0
0.031,0.78801,-0.61566,0,0.61566,0.78801,0,0,0,1,-0.0021745,0.0027933,0
0.032,0.78908,-0.61429,0,0.61429,0.78908,0,0,0,1,-0.0021662,0.0027927,0
0.035,0.79016,-0.61291,0,0.61291,0.79016,0,0,0,1,-0.0021587,0.0027931,0
0.031,0.79122,-0.61153,0,0.61153,0.79122,0,0,0,1,-0.0021573,0.0027912,0
0.031,0.79122,-0.61153,0,0.61153,0.79122,0,0,0,1,-0.0021491,0.0027907,0
0.032,0.79229,-0.61015,0,0.61015,0.79229,0,0,0,1,-0.0021475,0.0027886,0
0.035,0.79229,-0.61015,0,0.61015,0.79229,0,0,0,1,-0.0021458,0.0027864,0
0.032,0.79229,-0.61015,0,0.61015,0.79229,0,0,0,1,-0.0021451,0.0027855,0
0.032,0.79229,-0.61015,0,0.61015,0.79229,0,0,0,1,-0.0021369,0.0027849,0
0.032,0.79335,-0.60876,0,0.60876,0.79335,0,0,0,1,-0.0021353,0.0027828,0
0.035,0.79335,-0.60876,0,0.60876,0.79335,0,0,0,1,-0.002122,0.0027855,0
0.032,0.79547,-0.60599,0,0.60599,0.79547,0,0,0,1,-0.0021157,0.0027873,0
0.032,0.79653,-0.6046,0,0.6046,0.79653,0,0,0,1,-0.0021139,0.0027849,0
0.031,0.79653,-0.6046,0,0.6046,0.79653,0,0,0,1,-0.0021127,0.0027834,0
0.036,0.79653,-0.6046,0,0.6046,0.79653,0,0,0,1,-0.0021113,0.0027815,0
0.032,0.79653,-0.6046,0,0.6046,0.79653,0,0,0,1,-0.0021047,0.0027829,0
0.031,0.79758,-0.60321,0,0.60321,0.79758,0,0,0,1,-0.0020976,0.0027836,0
0.036,0.79864,-0.60182,0,0.60182,0.79864,0,0,0,1,-0.002091,0.002785,0
0.032,0.79968,-0.60042,0,0.60042,0.79968,0,0,0,1,-0.002085,0.0027871,0
0.031,0.80073,-0.59902,0,0.59902,0.80073,0,0,0,1,-0.0020949,0.0027801,0
0.91,0.79864,-0.60182,0,0.60182,0.79864,0,0,0,1,-0.00010502,0.00013937,0
0.902,0.79864,-0.60182,0,0.60182,0.79864,0,0,0,1,-9.6324e-05,0.00012783,0
0.918,0.79864,-0.60182,0,0.60182,0.79864,0,0,0,1,-9.194e-05,0.00012245,0
0.902,0.79968,-0.60042,0,0.60042,0.79968,0,0,0,1,-8.8909e-05,0.00011842,0
0.91,0.79968,-0.60042,0,0.60042,0.79968,0,0,0,1,-8.5978e-05,0.00011451,0
0.91,0.79968,-0.60042,0,0.60042,0.79968,0,0,0,1,-8.196e-05,0.00010956,0
0.92,0.80073,-0.59902,0,0.59902,0.80073,0,0,0,1,-7.9258e-05,0.00010595,0
0.92,0.80073,-0.59902,0,0.59902,0.80073,0,0,0,1,-7.5478e-05,0.00010126,0
0.911,0.80178,-0.59763,0,0.59763,0.80178,0,0,0,1,-7.4151e-05,9.9119e-05,0
0.919,0.80073,-0.59902,0,0.59902,0.80073,0,0,0,1,-7.1706e-05,9.5851e-05,0
0.112,0.80073,-0.59902,0,0.59902,0.80073,0,0,0,1,-0.0020368,0.0027425,0
0.035,0.80282,-0.59622,0,0.59622,0.80282,0,0,0,1,-0.0020394,0.0027461,0
0.031,0.80282,-0.59622,0,0.59622,0.80282,0,0,0,1,-0.0020435,0.0027516,0
0.032,0.80282,-0.59622,0,0.59622,0.80282,0,0,0,1,-0.002039,0.0027555,0
0.067,0.80386,-0.59482,0,0.59482,0.80386,0,0,0,1,-0.0020397,0.0027565,0
0.032,0.80386,-0.59482,0,0.59482,0.80386,0,0,0,1,-0.0020413,0.0027586,0
0.031,0.80386,-0.59482,0,0.59482,0.80386,0,0,0,1,-0.0020424,0.0027601,0
0.035,0.80386,-0.59482,0,0.59482,0.80386,0,0,0,1,-0.0020436,0.0027618,0
0.032,0.80386,-0.59482,0,0.59482,0.80386,0,0,0,1,-0.0020452,0.0027639,0
0.032,0.80386,-0.59482,0,0.59482,0.80386,0,0,0,1,-0.0020455,0.0027643,0
0.032,0.80386,-0.59482,0,0.59482,0.80386,0,0,0,1,-0.0020464,0.0027655,0
0.035,0.80386,-0.59482,0,0.59482,0.80386,0,0,0,1,-0.0020413,0.0027687,0
0.032,0.80489,-0.59342,0,0.59342,0.80489,0,0,0,1,-0.0020489,0.0027689,0
0.031,0.80386,-0.59482,0,0.59482,0.80386,0,0,0,1,-0.0020489,0.002769,0
0.032,0.80386,-0.59482,0,0.59482,0.80386,0,0,0,1,-0.00205,0.0027704,0
0.036,0.80386,-0.59482,0,0.59482,0.80386,0,0,0,1,-0.0020502,0.0027707,0
0.031,0.80386,-0.59482,0,0.59482,0.80386,0,0,0,1,-0.0020523,0.0027735,0
0.064,0.80386,-0.59482,0,0.59482,0.80386,0,0,0,1,-0.002052,0.0027732,0
0.035,0.80386,-0.59482,0,0.59482,0.80386,0,0,0,1,-0.0020525,0.0027738,0
0.032,0.80386,-0.59482,0,0.59482,0.80386,0,0,0,1,-0.0020535,0.0027751,0
0.031,0.80386,-0.59482,0,0.59482,0.80386,0,0,0,1,-0.0020541,0.002776,0
0.036,0.80386,-0.59482,0,0.59482,0.80386,0,0,0,1,-0.002055,0.0027772,0
0.032,0.80386,-0.59482,0,0.59482,0.80386,0,0,0,1,-0.0020562,0.0027788,0
0.032,0.80386,-0.59482,0,0.59482,0.80386,0,0,0,1,-0.0020501,0.0027806,0
0.031,0.80489,-0.59342,0,0.59342,0.80489,0,0,0,1,-0.0020508,0.0027816,0
0.036,0.80489,-0.59342,0,0.59342,0.80489,0,0,0,1,-0.0020515,0.0027826,0
0.031,0.80489,-0.59342,0,0.59342,0.80489,0,0,0,1,-0.0020526,0.002784,0
0.032,0.80489,-0.59342,0,0.59342,0.80489,0,0,0,1,-0.0020582,0.0027816,0
0.036,0.80386,-0.59482,0,0.59482,0.80386,0,0,0,1,-0.0020706,0.0027779,0
0.903,0.80178,-0.59763,0,0.59763,0.80178,0,0,0,1,-9.8701e-05,0.00013242,0
0.92,0.80178,-0.59763,0,0.59763,0.80178,0,0,0,1,-9.0405e-05,0.00012085,0
0.911,0.80073,-0.59902,0,0.59902,0.80073,0,0,0,1,-8.6233e-05,0.00011569,0
0.911,0.80178,-0.59763,0,0.59763,0.80178,0,0,0,1,-8.339e-05,0.00011188,0
0.91,0.80178,-0.59763,0,0.59763,0.80178,0,0,0,1,-8.064e-05,0.00010819,0
0.91,0.80178,-0.59763,0,0.59763,0.80178,0,0,0,1,-7.7982e-05,0.00010462,0
0.919,0.80178,-0.59763,0,0.59763,0.80178,0,0,0,1,-7.5411e-05,0.00010117,0
0.901,0.80178,-0.59763,0,0.59763,0.80178,0,0,0,1,-7.2925e-05,9.7836e-05,0
0.92,0.80178,-0.59763,0,0.59763,0.80178,0,0,0,1,-7.052e-05,9.461e-05,0
0.911,0.80178,-0.59763,0,0.59763,0.80178,0,0,0,1,-6.8195e-05,9.1491e-05,0
0.071,0.80178,-0.59763,0,0.59763,0.80178,0,0,0,1,-0.0020396,0.0027363,0
0.035,0.80178,-0.59763,0,0.59763,0.80178,0,0,0,1,-0.0020364,0.002742,0
0.031,0.80282,-0.59622,0,0.59622,0.80282,0,0,0,1,-0.0020412,0.0027485,0
0.031,0.80282,-0.59622,0,0.59622,0.80282,0,0,0,1,-0.0020487,0.0027485,0
0.032,0.80178,-0.59763,0,0.59763,0.80178,0,0,0,1,-0.0020501,0.0027504,0
0.035,0.80178,-0.59763,0,0.59763,0.80178,0,0,0,1,-0.0020515,0.0027523,0
0.032,0.80178,-0.59763,0,0.59763,0.80178,0,0,0,1,-0.0020538,0.0027554,0
0.031,0.80178,-0.59763,0,0.59763,0.80178,0,0,0,1,-0.0020542,0.0027559,0
0.032,0.80178,-0.59763,0,0.59763,0.80178,0,0,0,1,-0.0020614,0.0027555,0
0.035,0.80073,-0.59902,0,0.59902,0.80073,0,0,0,1,-0.0020569,0.0027595,0
0.032,0.80178,-0.59763,0,0.59763,0.80178,0,0,0,1,-0.0020588,0.0027621,0
0.031,0.80178,-0.59763,0,0.59763,0.80178,0,0,0,1,-0.0020591,0.0027625,0
0.032,0.80178,-0.59763,0,0.59763,0.80178,0,0,0,1,-0.0020604,0.0027642,0
0.035,0.80178,-0.59763,0,0.59763,0.80178,0,0,0,1,-0.0020673,0.0027634,0
0.032,0.80073,-0.59902,0,0.59902,0.80073,0,0,0,1,-0.0020747,0.0027632,0
0.031,0.79968,-0.60042,0,0.60042,0.79968,0,0,0,1,-0.002075,0.0027637,0
0.032,0.79968,-0.60042,0,0.60042,0.79968,0,0,0,1,-0.002076,0.0027649,0
0.035,0.79968,-0.60042,0,0.60042,0.79968,0,0,0,1,-0.0020826,0.0027637,0
0.032,0.79864,-0.60182,0,0.60182,0.79864,0,0,0,1,-0.002084,0.0027655,0
0.032,0.79864,-0.60182,0,0.60182,0.79864,0,0,0,1,-0.00209,0.0027635,0
0.031,0.79758,-0.60321,0,0.60321,0.79758,0,0,0,1,-0.0020967,0.0027623,0
0.036,0.79653,-0.6046,0,0.6046,0.79653,0,0,0,1,-0.0021032,0.0027609,0
0.031,0.79547,-0.60599,0,0.60599,0.79547,0,0,0,1,-0.0021044,0.0027625,0
0.032,0.79547,-0.60599,0,0.60599,0.79547,0,0,0,1,-0.0021103,0.0027601,0
0.032,0.79441,-0.60738,0,0.60738,0.79441,0,0,0,1,-0.0021107,0.0027607,0
0.035,0.79441,-0.60738,0,0.60738,0.79441,0,0,0,1,-0.0021112,0.0027613,0
0.032,0.79441,-0.60738,0,0.60738,0.79441,0,0,0,1,-0.0021186,0.002761,0
0.031,0.79335,-0.60876,0,0.60876,0.79335,0,0,0,1,-0.0021182,0.0027605,0
0.032,0.79335,-0.60876,0,0.60876,0.79335,0,0,0,1,-0.0021246,0.0027589,0
0.035,0.79229,-0.61015,0,0.61015,0.79229,0,0,0,1,-0.0021246,0.0027588,0
0.031,0.79229,-0.61015,0,0.61015,0.79229,0,0,0,1,-0.0021434,0.0027533,0
0.921,0.78908,-0.61429,0,0.61429,0.78908,0,0,0,1,-0.00011618,0.00014923,0
0.912,0.78908,-0.61429,0,0.61429,0.78908,0,0,0,1,-0.00010629,0.00013653,0
0.901,0.78908,-0.61429,0,0.61429,0.78908,0,0,0,1,-0.00010278,0.00013203,0
0.91,0.78908,-0.61429,0,0.61429,0.78908,0,0,0,1,-9.9394e-05,0.00012768,0
0.917,0.78908,-0.61429,0,0.61429,0.78908,0,0,0,1,-9.4889e-05,0.00012233,0
0.912,0.79016,-0.61291,0,0.61291,0.79016,0,0,0,1,-9.1761e-05,0.0001183,0
0.92,0.79016,-0.61291,0,0.61291,0.79016,0,0,0,1,-8.8735e-05,0.0001144,0
0.915,0.79016,-0.61291,0,0.61291,0.79016,0,0,0,1,-8.581e-05,0.00011063,0
0.916,0.79016,-0.61291,0,0.61291,0.79016,0,0,0,1,-8.2981e-05,0.00010698,0
0.9,0.79016,-0.61291,0,0.61291,0.79016,0,0,0,1,-8.0245e-05,0.00010345,0
0.119,0.79016,-0.61291,0,0.61291,0.79016,0,0,0,1,-3.6063e-06,4.666e-06,0
0.032,0.79122,-0.61153,0,0.61153,0.79122,0,0,0,1,-6.5388e-05,7.7103e-05,0
0.035,0.76267,-0.64679,0,0.64679,0.76267,0,0,0,1,-0.00018012,0.00017213,0
0.032,0.69088,-0.72297,0,0.72297,0.69088,0,0,0,1,-0.00028849,0.00023362,0
0.031,0.62932,-0.77715,0,0.77715,0.62932,0,0,0,1,-0.00040498,0.00027626,0
0.032,0.56353,-0.8261,0,0.8261,0.56353,0,0,0,1,-0.00055748,0.00029642,0
0.036,0.46947,-0.88295,0,0.88295,0.46947,0,0,0,1,-0.00068079,0.00029319,0
0.032,0.39555,-0.91845,0,0.91845,0.39555,0,0,0,1,-0.00080303,0.00027025,0
0.032,0.31896,-0.94777,0,0.94777,0.31896,0,0,0,1,-0.00092421,0.00022701,0
0.035,0.23853,-0.97113,0,0.97113,0.23853,0,0,0,1,-0.0010659,0.00014223,0
0.032,0.13226,-0.99122,0,0.99122,0.13226,0,0,0,1,-0.0011689,5.9214e-05,0
0.032,0.050593,-0.99872,0,0.99872,0.050593,0,0,0,1,-0.0012607,-3.7416e-05,0
0.035,-0.029666,-0.99956,0,0.99956,-0.029666,0,0,0,1,-0.0013621,-0.000189,0
0.032,-0.13744,-0.99051,0,0.99051,-0.13744,0,0,0,1,-0.0014251,-0.00031854,0
0.032,-0.21814,-0.97592,0,0.97592,-0.21814,0,0,0,1,-0.0014712,-0.00045261,0
0.031,-0.29404,-0.95579,0,0.95579,-0.29404,0,0,0,1,-0.0015099,-0.00065028,0
0.036,-0.39555,-0.91845,0,0.91845,-0.39555,0,0,0,1,-0.0015197,-0.00080122,0
0.032,-0.46639,-0.88458,0,0.88458,-0.46639,0,0,0,1,-0.0015022,-0.0010441,0
0.902,-0.57071,-0.82115,0,0.82115,-0.57071,0,0,0,1,-0.0015949,-0.0011085,0
0.918,-0.57071,-0.82115,0,0.82115,-0.57071,0,0,0,1,-0.0015432,-0.0010685,0
0.903,-0.56928,-0.82214,0,0.82214,-0.56928,0,0,0,1,-0.0014923,-0.0010333,0
0.92,-0.56928,-0.82214,0,0.82214,-0.56928,0,0,0,1,-0.0014431,-0.00099925,0
0.918,-0.56928,-0.82214,0,0.82214,-0.56928,0,0,0,1,-0.0013955,-0.00096631,0
0.92,-0.56928,-0.82214,0,0.82214,-0.56928,0,0,0,1,-0.0013498,-0.00093116,0
0.913,-0.56784,-0.82314,0,0.82314,-0.56784,0,0,0,1,-0.0013053,-0.00090046,0
0.917,-0.56784,-0.82314,0,0.82314,-0.56784,0,0,0,1,-0.0012623,-0.00087077,0
0.91,-0.56784,-0.82314,0,0.82314,-0.56784,0,0,0,1,-0.0012206,-0.00084206,0
0.901,-0.56784,-0.82314,0,0.82314,-0.56784,0,0,0,1,-0.0011805,-0.0008113,0
0.902,-0.56641,-0.82413,0,0.82413,-0.56641,0,0,0,1,-0.0011415,-0.00078456,0
0.1,-0.56641,-0.82413,0,0.82413,-0.56641,0,0,0,1,-0.00564,-0.0038763,0
0.035,-0.56641,-0.82413,0,0.82413,-0.56641,0,0,0,1,-0.0056024,-0.0038793,0
0.032,-0.56928,-0.82214,0,0.82214,-0.56928,0,0,0,1,-0.0055902,-0.0038564,0
0.032,-0.56784,-0.82314,0,0.82314,-0.56784,0,0,0,1,-0.0055803,-0.0038066,0
0.036,-0.56353,-0.8261,0,0.8261,-0.56353,0,0,0,1,-0.005561,-0.0037793,0
0.032,-0.56208,-0.82708,0,0.82708,-0.56208,0,0,0,1,-0.0055436,-0.0037533,0
0.032,-0.56064,-0.82806,0,0.82806,-0.56064,0,0,0,1,-0.0055187,-0.0037364,0
0.032,-0.56064,-0.82806,0,0.82806,-0.56064,0,0,0,1,-0.0055012,-0.0037106,0
0.035,-0.55919,-0.82904,0,0.82904,-0.55919,0,0,0,1,-0.0054794,-0.0036959,0
0.031,-0.55919,-0.82904,0,0.82904,-0.55919,0,0,0,1,-0.0054648,-0.0036722,0
0.032,-0.55775,-0.83001,0,0.83001,-0.55775,0,0,0,1,-0.0054429,-0.0036575,0
0.031,-0.55775,-0.83001,0,0.83001,-0.55775,0,0,0,1,-0.0054232,-0.0036443,0
0.036,-0.55775,-0.83001,0,0.83001,-0.55775,0,0,0,1,-0.0054092,-0.0036211,0
0.031,-0.5563,-0.83098,0,0.83098,-0.5563,0,0,0,1,-0.0053873,-0.0036201,0
0.032,-0.55775,-0.83001,0,0.83001,-0.55775,0,0,0,1,-0.0053683,-0.0036073,0
0.032,-0.55775,-0.83001,0,0.83001,-0.55775,0,0,0,1,-0.0053458,-0.0036058,0
0.035,-0.55919,-0.82904,0,0.82904,-0.55919,0,0,0,1,-0.0053283,-0.003594,0
0.031,-0.55919,-0.82904,0,0.82904,-0.55919,0,0,0,1,-0.0053197,-0.0035747,0
0.032,-0.55775,-0.83001,0,0.83001,-0.55775,0,0,0,1,-0.0053023,-0.003563,0
0.03,-0.55775,-0.83001,0,0.83001,-0.55775,0,0,0,1,-0.0052869,-0.0035526,0
0.036,-0.55775,-0.83001,0,0.83001,-0.55775,0,0,0,1,-0.0052776,-0.0035331,0
0.032,-0.5563,-0.83098,0,0.83098,-0.5563,0,0,0,1,-0.0052652,-0.0035247,0
0.032,-0.5563,-0.83098,0,0.83098,-0.5563,0,0,0,1,-0.0052499,-0.0035145,0
0.032,-0.5563,-0.83098,0,0.83098,-0.5563,0,0,0,1,-0.0052417,-0.0034958,0
0.035,-0.55484,-0.83195,0,0.83195,-0.55484,0,0,0,1,-0.0052282,-0.0034868,0
0.031,-0.55484,-0.83195,0,0.83195,-0.55484,0,0,0,1,-0.0052185,-0.0034803,0
0.032,-0.55484,-0.83195,0,0.83195,-0.55484,0,0,0,1,-0.0052001,-0.0034812,0
0.032,-0.5563,-0.83098,0,0.83098,-0.5563,0,0,0,1,-0.0051886,-0.0034735,0
0.035,-0.5563,-0.83098,0,0.83098,-0.5563,0,0,0,1,-0.0051773,-0.0034659,0
0.031,-0.5563,-0.83098,0,0.83098,-0.5563,0,0,0,1,-0.0051632,-0.0034695,0
0.032,-0.55775,-0.83001,0,0.83001,-0.55775,0,0,0,1,-0.0051468,-0.0034715,0
0.919,-0.55919,-0.82904,0,0.82904,-0.55919,0,0,0,1,-0.00057652,-0.00038887,0
0.92,-0.55919,-0.82904,0,0.82904,-0.55919,0,0,0,1,-0.00054437,-0.00036718,0
0.911,-0.55919,-0.82904,0,0.82904,-0.55919,0,0,0,1,-0.00052642,-0.00035508,0
0.911,-0.55919,-0.82904,0,0.82904,-0.55919,0,0,0,1,-0.00050829,-0.00034156,0
0.919,-0.55775,-0.83001,0,0.83001,-0.55775,0,0,0,1,-0.00049154,-0.0003303,0
0.901,-0.55775,-0.83001,0,0.83001,-0.55775,0,0,0,1,-0.00047533,-0.00031941,0
0.92,-0.55775,-0.83001,0,0.83001,-0.55775,0,0,0,1,-0.00045882,-0.00030716,0
0.902,-0.5563,-0.83098,0,0.83098,-0.5563,0,0,0,1,-0.0004437,-0.00029703,0
0.918,-0.5563,-0.83098,0,0.83098,-0.5563,0,0,0,1,-0.00042907,-0.00028724,0
0.912,-0.5563,-0.83098,0,0.83098,-0.5563,0,0,0,1,-0.00041492,-0.00027777,0
0.098,-0.5563,-0.83098,0,0.83098,-0.5563,0,0,0,1,-0.0031885,-0.0021265,0
0.031,-0.55484,-0.83195,0,0.83195,-0.55484,0,0,0,1,-0.0031935,-0.0020189,0
0.031,-0.53435,-0.84526,0,0.84526,-0.53435,0,0,0,1,-0.0032043,-0.001895,0
0.035,-0.50904,-0.86074,0,0.86074,-0.50904,0,0,0,1,-0.0032241,-0.0017215,0
0.032,-0.47101,-0.88213,0,0.88213,-0.47101,0,0,0,1,-0.0032292,-0.001582,0
0.032,-0.43994,-0.89803,0,0.89803,-0.43994,0,0,0,1,-0.0032298,-0.001438,0
0.032,-0.40674,-0.91355,0,0.91355,-0.40674,0,0,0,1,-0.0032307,-0.0012596,0
0.035,-0.36325,-0.93169,0,0.93169,-0.36325,0,0,0,1,-0.0032218,-0.0011282,0
0.03,-0.33051,-0.9438,0,0.9438,-0.33051,0,0,0,1,-0.0032106,-0.00099384,0
0.032,-0.29571,-0.95528,0,0.95528,-0.29571,0,0,0,1,-0.0031951,-0.0008681,0
0.031,-0.26219,-0.96502,0,0.96502,-0.26219,0,0,0,1,-0.0031731,-0.00069765,0
0.036,-0.21474,-0.97667,0,0.97667,-0.21474,0,0,0,1,-0.0031496,-0.00057238,0
0.032,-0.1788,-0.98389,0,0.98389,-0.1788,0,0,0,1,-0.0031224,-0.00044438,0
0.031,-0.1409,-0.99002,0,0.99002,-0.1409,0,0,0,1,-0.0030903,-0.00032481,0
0.032,-0.10453,-0.99452,0,0.99452,-0.10453,0,0,0,1,-0.0030573,-0.00020842,0
0.035,-0.068015,-0.99768,0,0.99768,-0.068015,0,0,0,1,-0.00301,-5.7796e-05,0
0.032,-0.019197,-0.99982,0,0.99982,-0.019197,0,0,0,1,-0.0029761,3.6362e-05,0
0.031,0.012217,-0.99993,0,0.99993,0.012217,0,0,0,1,-0.0029467,0.0001029,0
0.032,0.034899,-0.99939,0,0.99939,0.034899,0,0,0,1,-0.0029083,0.00019317,0
0.036,0.066274,-0.9978,0,0.9978,0.066274,0,0,0,1,-0.0028787,0.00025692,0
0.03,0.088894,-0.99604,0,0.99604,0.088894,0,0,0,1,-0.0028544,0.00031009,0
0.032,0.108,-0.99415,0,0.99415,0.108,0,0,0,1,-0.0028265,0.0003671,0
0.032,0.1288,-0.99167,0,0.99167,0.1288,0,0,0,1,-0.0027907,0.00043701,0
0.035,0.15471,-0.98796,0,0.98796,0.15471,0,0,0,1,-0.0027324,0.00054598,0
0.032,0.19595,-0.98061,0,0.98061,0.19595,0,0,0,1,-0.0026867,0.00063016,0
0.032,0.22835,-0.97358,0,0.97358,0.22835,0,0,0,1,-0.0026384,0.00070695,0
0.032,0.25882,-0.96593,0,0.96593,0.25882,0,0,0,1,-0.0025693,0.00081011,0
0.035,0.30071,-0.95372,0,0.95372,0.30071,0,0,0,1,-0.0025159,0.000886,0
0.031,0.33216,-0.94322,0,0.94322,0.33216,0,0,0,1,-0.0024561,0.0009675,0
0.032,0.3665,-0.93042,0,0.93042,0.3665,0,0,0,1,-0.0023888,0.0010486,0
0.031,0.40195,-0.91566,0,0.91566,0.40195,0,0,0,1,-0.0022262,0.0012138,0
0.92,0.47869,-0.87798,0,0.87798,0.47869,0,0,0,1,0.00070166,-0.00038256,0
0.908,0.47869,-0.87798,0,0.87798,0.47869,0,0,0,1,0.00069008,-0.00037624,0
0.911,0.47869,-0.87798,0,0.87798,0.47869,0,0,0,1,0.00066814,-0.0003658,0
0.901,0.48022,-0.87715,0,0.87715,0.48022,0,0,0,1,0.00064611,-0.00035374,0
0.918,0.48022,-0.87715,0,0.87715,0.48022,0,0,0,1,0.00062481,-0.00034207,0
0.92,0.48022,-0.87715,0,0.87715,0.48022,0,0,0,1,0.00060421,-0.0003308,0
0.912,0.48022,-0.87715,0,0.87715,0.48022,0,0,0,1,0.00058518,-0.00032171,0
0.918,0.48175,-0.87631,0,0.87631,0.48175,0,0,0,1,0.00056589,-0.0003111,0
0.901,0.48175,-0.87631,0,0.87631,0.48175,0,0,0,1,0.00054723,-0.00030084,0
0.901,0.48175,-0.87631,0,0.87631,0.48175,0,0,0,1,0.00052919,-0.00029092,0
0.1,0.48175,-0.87631,0,0.87631,0.48175,0,0,0,1,0.00061607,-0.00033869,0
0.031,0.48175,-0.87631,0,0.87631,0.48175,0,0,0,1,0.00052371,-0.00025883,0
0.036,0.44307,-0.89649,0,0.89649,0.44307,0,0,0,1,0.00043075,-0.00019268,0
0.031,0.40833,-0.91283,0,0.91283,0.40833,0,0,0,1,0.00033497,-0.00013262,0
0.032,0.36812,-0.92978,0,0.92978,0.36812,0,0,0,1,0.00023017,-7.5675e-05,0
0.036,0.31233,-0.94997,0,0.94997,0.31233,0,0,0,1,9.9197e-05,-2.3632e-05,0
0.032,0.23175,-0.97278,0,0.97278,0.23175,0,0,0,1,-2.2842e-05,3.6587e-06,0
0.032,0.15816,-0.98741,0,0.98741,0.15816,0,0,0,1,-0.00014643,1.2039e-05,0
0.032,0.081939,-0.99664,0,0.99664,0.081939,0,0,0,1,-0.00026797,2.3385e-06,0
0.036,0.0087265,-0.99996,0,0.99996,0.0087265,0,0,0,1,-0.00040787,-3.9273e-05,0
0.032,-0.095846,-0.9954,0,0.9954,-0.095846,0,0,0,1,-0.00051897,-9.6186e-05,0
0.032,-0.18224,-0.98325,0,0.98325,-0.18224,0,0,0,1,-0.00062643,-0.00017608,0
0.035,-0.2706,-0.96269,0,0.96269,-0.2706,0,0,0,1,-0.00073012,-0.00029647,0
0.032,-0.37622,-0.92653,0,0.92653,-0.37622,0,0,0,1,-0.00079725,-0.00040447,0
0.032,-0.45243,-0.8918,0,0.8918,-0.45243,0,0,0,1,-0.00085509,-0.00056169,0
0.036,-0.54902,-0.83581,0,0.83581,-0.54902,0,0,0,1,-0.00088244,-0.00068943,0
0.031,-0.61566,-0.78801,0,0.78801,-0.61566,0,0,0,1,0.0034721,0.0032152,0
0.032,-0.67944,-0.73373,0,0.73373,-0.67944,0,0,0,1,0.0028038,0.0033892,0
0.919,-0.77051,-0.63742,0,0.63742,-0.77051,0,0,0,1,0.0026013,0.0031445,0
0.91,-0.77051,-0.63742,0,0.63742,-0.77051,0,0,0,1,0.0025215,0.0030372,0
0.919,-0.7694,-0.63877,0,0.63877,-0.7694,0,0,0,1,0.0024384,0.0029371,0
0.911,-0.7694,-0.63877,0,0.63877,-0.7694,0,0,0,1,0.002358,0.0028402,0
0.911,-0.7694,-0.63877,0,0.63877,-0.7694,0,0,0,1,0.0022865,0.0027443,0
0.912,-0.76828,-0.64011,0,0.64011,-0.76828,0,0,0,1,0.0022107,0.0026534,0
0.91,-0.76828,-0.64011,0,0.64011,-0.76828,0,0,0,1,0.0021379,0.0025659,0
0.908,-0.76828,-0.64011,0,0.64011,-0.76828,0,0,0,1,0.0020674,0.0024813,0
0.917,-0.76828,-0.64011,0,0.64011,-0.76828,0,0,0,1,0.0020045,0.0023973,0
0.901,-0.76717,-0.64145,0,0.64145,-0.76717,0,0,0,1,0.0019384,0.0023183,0
0.914,-0.76717,-0.64145,0,0.64145,-0.76717,0,0,0,1,0.0018745,0.0022418,0
0.078,-0.76717,-0.64145,0,0.64145,-0.76717,0,0,0,1,-0.001718,-0.0020547,0
0.029,-0.76717,-0.64145,0,0.64145,-0.76717,0,0,0,1,-0.001783,-0.00214,0
0.032,-0.76828,-0.64011,0,0.64011,-0.76828,0,0,0,1,-0.0018501,-0.0022206,0
0.032,-0.76828,-0.64011,0,0.64011,-0.76828,0,0,0,1,-0.0019023,-0.0023077,0
0.031,-0.77162,-0.63608,0,0.63608,-0.77162,0,0,0,1,-0.0019314,-0.0024194,0
0.035,-0.78152,-0.62388,0,0.62388,-0.78152,0,0,0,1,-0.0019877,-0.0024899,0
0.031,-0.78152,-0.62388,0,0.62388,-0.78152,0,0,0,1,-0.0020353,-0.002568,0
0.031,-0.78369,-0.62115,0,0.62115,-0.78369,0,0,0,1,-0.002077,-0.0026489,0
0.032,-0.78694,-0.61704,0,0.61704,-0.78694,0,0,0,1,-0.0021273,-0.002713,0
0.035,-0.78694,-0.61704,0,0.61704,-0.78694,0,0,0,1,-0.0021873,-0.0027597,0
0.032,-0.78369,-0.62115,0,0.62115,-0.78369,0,0,0,1,-0.0022503,-0.0027988,0
0.031,-0.77934,-0.6266,0,0.6266,-0.77934,0,0,0,1,-0.0023202,-0.0028246,0
0.032,-0.77273,-0.63473,0,0.63473,-0.77273,0,0,0,1,-0.0024012,-0.0028314,0
0.035,-0.76267,-0.64679,0,0.64679,-0.76267,0,0,0,1,-0.0024385,-0.0028959,0
0.032,-0.76492,-0.64412,0,0.64412,-0.76492,0,0,0,1,-0.0025144,-0.0029027,0
0.031,-0.75585,-0.65474,0,0.65474,-0.75585,0,0,0,1,-0.0025897,-0.0029066,0
0.032,-0.74664,-0.66523,0,0.66523,-0.74664,0,0,0,1,-0.0026957,-0.0028606,0
0.035,-0.72777,-0.68582,0,0.68582,-0.72777,0,0,0,1,-0.0028188,-0.0027797,0
0.032,-0.70215,-0.71203,0,0.71203,-0.70215,0,0,0,1,-0.0029212,-0.0027241,0
0.032,-0.682,-0.73135,0,0.73135,-0.682,0,0,0,1,-0.0029584,-0.0027781,0
0.031,-0.68455,-0.72897,0,0.72897,-0.68455,0,0,0,1,-0.0029787,-0.0028564,0
0.036,-0.69214,-0.72176,0,0.72176,-0.69214,0,0,0,1,-0.0030536,-0.0028376,0
0.031,-0.68072,-0.73254,0,0.73254,-0.68072,0,0,0,1,-0.0030824,-0.0028946,0
0.032,-0.68455,-0.72897,0,0.72897,-0.68455,0,0,0,1,-0.0029934,-0.0031325,0
0.032,-0.72297,-0.69088,0,0.69088,-0.72297,0,0,0,1,-0.0030233,-0.0031748,0
0.035,-0.72417,-0.68962,0,0.68962,-0.72417,0,0,0,1,-0.0029786,-0.0033197,0
0.032,-0.74431,-0.66783,0,0.66783,-0.74431,0,0,0,1,-0.0029656,-0.0034116,0
0.031,-0.75471,-0.65606,0,0.65606,-0.75471,0,0,0,1,-0.0029593,-0.0034895,0
0.031,-0.76267,-0.64679,0,0.64679,-0.76267,0,0,0,1,-0.0029243,-0.0035984,0
0.036,-0.77605,-0.63068,0,0.63068,-0.77605,0,0,0,1,-0.0028957,-0.003693,0
0.032,-0.78694,-0.61704,0,0.61704,-0.78694,0,0,0,1,-0.0026039,-0.004056,0
0.912,-0.84151,-0.54024,0,0.54024,-0.84151,0,0,0,1,0.00020176,0.00045963,0
0.908,-0.91566,-0.40195,0,0.40195,-0.91566,0,0,0,1,0.00016458,0.00041782,0
0.91,-0.93042,-0.3665,0,0.3665,-0.93042,0,0,0,1,0.00015395,0.00039898,0
0.91,-0.93295,-0.36,0,0.36,-0.93295,0,0,0,1,0.00014635,0.00038325,0
0.91,-0.9342,-0.35674,0,0.35674,-0.9342,0,0,0,1,0.00014029,0.00036932,0
0.913,-0.93483,-0.35511,0,0.35511,-0.93483,0,0,0,1,0.00013567,0.00035715,0
0.908,-0.93483,-0.35511,0,0.35511,-0.93483,0,0,0,1,0.00013119,0.00034537,0
0.901,-0.93483,-0.35511,0,0.35511,-0.93483,0,0,0,1,0.00012687,0.00033398,0
0.92,-0.93483,-0.35511,0,0.35511,-0.93483,0,0,0,1,0.00012384,0.0003243,0
0.909,-0.9342,-0.35674,0,0.35674,-0.9342,0,0,0,1,0.00011976,0.00031361,0
0.091,-0.9342,-0.35674,0,0.35674,-0.9342,0,0,0,1,-0.0010899,-0.0028542,0
0.031,-0.9342,-0.35674,0,0.35674,-0.9342,0,0,0,1,-0.0010698,-0.0028461,0
0.031,-0.93606,-0.35184,0,0.35184,-0.93606,0,0,0,1,-0.001076,-0.0028179,0
0.036,-0.9342,-0.35674,0,0.35674,-0.9342,0,0,0,1,-0.0010695,-0.0028007,0
0.031,-0.9342,-0.35674,0,0.35674,-0.9342,0,0,0,1,-0.0010716,-0.0027772,0
0.032,-0.93295,-0.36,0,0.36,-0.93295,0,0,0,1,-0.0010739,-0.0027544,0
0.031,-0.93169,-0.36325,0,0.36325,-0.93169,0,0,0,1,-0.0010637,-0.0027425,0
0.036,-0.93232,-0.36162,0,0.36162,-0.93232,0,0,0,1,-0.001058,-0.0027276,0
0.031,-0.93232,-0.36162,0,0.36162,-0.93232,0,0,0,1,-0.0010524,-0.0027132,0
0.032,-0.93232,-0.36162,0,0.36162,-0.93232,0,0,0,1,-0.0010511,-0.002696,0
0.031,-0.93169,-0.36325,0,0.36325,-0.93169,0,0,0,1,-0.0010459,-0.0026826,0
0.035,-0.93169,-0.36325,0,0.36325,-0.93169,0,0,0,1,-0.0010408,-0.0026696,0
0.032,-0.93169,-0.36325,0,0.36325,-0.93169,0,0,0,1,-0.001036,-0.0026571,0
0.032,-0.93169,-0.36325,0,0.36325,-0.93169,0,0,0,1,-0.0010352,-0.0026416,0
0.031,-0.93106,-0.36488,0,0.36488,-0.93106,0,0,0,1,-0.0010307,-0.00263,0
0.036,-0.93106,-0.36488,0,0.36488,-0.93106,0,0,0,1,-0.0010223,-0.002622,0
0.031,-0.93169,-0.36325,0,0.36325,-0.93169,0,0,0,1,-0.001018,-0.0026111,0
0.032,-0.93169,-0.36325,0,0.36325,-0.93169,0,0,0,1,-0.0010099,-0.0026038,0
0.031,-0.93232,-0.36162,0,0.36162,-0.93232,0,0,0,1,-0.0010059,-0.0025935,0
0.035,-0.93232,-0.36162,0,0.36162,-0.93232,0,0,0,1,-0.00099817,-0.0025868,0
0.032,-0.93295,-0.36,0,0.36,-0.93295,0,0,0,1,-0.00099443,-0.0025771,0
0.032,-0.93295,-0.36,0,0.36,-0.93295,0,0,0,1,-0.00099081,-0.0025677,0
0.031,-0.93295,-0.36,0,0.36,-0.93295,0,0,0,1,-0.00098731,-0.0025587,0
0.035,-0.93295,-0.36,0,0.36,-0.93295,0,0,0,1,-0.00099162,-0.0025434,0
0.032,-0.93169,-0.36325,0,0.36325,-0.93169,0,0,0,1,-0.00098836,-0.002535,0
0.032,-0.93169,-0.36325,0,0.36325,-0.93169,0,0,0,1,-0.00098902,-0.0025237,0
0.031,-0.93106,-0.36488,0,0.36488,-0.93106,0,0,0,1,-0.00098976,-0.0025126,0
0.035,-0.93042,-0.3665,0,0.3665,-0.93042,0,0,0,1,-0.00099434,-0.0024987,0
0.032,-0.92913,-0.36975,0,0.36975,-0.92913,0,0,0,1,-0.00098777,-0.0024948,0
0.032,-0.92978,-0.36812,0,0.36812,-0.92978,0,0,0,1,-0.00098876,-0.0024847,0
0.031,-0.92913,-0.36975,0,0.36975,-0.92913,0,0,0,1,-0.0009824,-0.0024813,0
0.909,-0.92978,-0.36812,0,0.36812,-0.92978,0,0,0,1,0.00026615,0.00066881,0
0.91,-0.92913,-0.36975,0,0.36975,-0.92913,0,0,0,1,0.00025218,0.00064349,0
0.919,-0.93106,-0.36488,0,0.36488,-0.93106,0,0,0,1,0.00024373,0.00062191,0
0.911,-0.93106,-0.36488,0,0.36488,-0.93106,0,0,0,1,0.00023742,0.00060271,0
0.909,-0.93042,-0.3665,0,0.3665,-0.93042,0,0,0,1,0.00022966,0.00058302,0
0.91,-0.93042,-0.3665,0,0.3665,-0.93042,0,0,0,1,0.00022368,0.00056495,0
0.903,-0.92978,-0.36812,0,0.36812,-0.92978,0,0,0,1,0.00021631,0.00054632,0
0.909,-0.92978,-0.36812,0,0.36812,-0.92978,0,0,0,1,0.00020917,0.00052831,0
0.911,-0.92978,-0.36812,0,0.36812,-0.92978,0,0,0,1,0.00020378,0.00051208,0
0.919,-0.92913,-0.36975,0,0.36975,-0.92913,0,0,0,1,0.00019706,0.00049519,0
0.909,-0.92913,-0.36975,0,0.36975,-0.92913,0,0,0,1,0.00018912,0.00047766,0
0.91,-0.92978,-0.36812,0,0.36812,-0.92978,0,0,0,1,0.00018007,0.00045947,0
0.912,-0.93106,-0.36488,0,0.36488,-0.93106,0,0,0,1,0.00017138,0.00044185,0
